Entity,Code,Date,Total confirmed deaths (deaths),Daily new confirmed deaths (deaths),Daily Confirmed Deaths avg,Days Since Third Death
Algeria,DZA,"Apr 2, 2020",58,23,5.857142857142857,0
Algeria,DZA,"Apr 3, 2020",58,0,5.285714285714286,1
Algeria,DZA,"Apr 4, 2020",83,25,8.857142857142858,2
Algeria,DZA,"Apr 5, 2020",130,47,14.857142857142858,3
Algeria,DZA,"Apr 6, 2020",152,22,17.571428571428573,4
Algeria,DZA,"Apr 7, 2020",173,21,20.285714285714285,5
Argentina,ARG,"Apr 2, 2020",31,7,3.2857142857142856,0
Argentina,ARG,"Apr 3, 2020",34,3,3.142857142857143,1
Argentina,ARG,"Apr 4, 2020",37,3,2.857142857142857,2
Argentina,ARG,"Apr 5, 2020",43,6,3.4285714285714284,3
Argentina,ARG,"Apr 6, 2020",46,3,3.7142857142857144,4
Argentina,ARG,"Apr 7, 2020",53,7,4.142857142857143,5
Australia,AUS,"Apr 7, 2020",42,6,3.2857142857142856,0
Austria,AUT,"Mar 24, 2020",25,9,3.142857142857143,0
Austria,AUT,"Mar 25, 2020",30,5,3.857142857142857,1
Austria,AUT,"Mar 26, 2020",34,4,4.285714285714286,2
Austria,AUT,"Mar 27, 2020",52,18,6.571428571428571,3
Austria,AUT,"Mar 28, 2020",68,16,8.857142857142858,4
Austria,AUT,"Mar 29, 2020",68,0,8.571428571428571,5
Austria,AUT,"Mar 30, 2020",86,18,10.0,6
Austria,AUT,"Mar 31, 2020",108,22,11.857142857142858,7
Austria,AUT,"Apr 1, 2020",128,20,14.0,8
Austria,AUT,"Apr 2, 2020",146,18,16.0,9
Austria,AUT,"Apr 3, 2020",158,12,15.142857142857142,10
Austria,AUT,"Apr 4, 2020",168,10,14.285714285714286,11
Austria,AUT,"Apr 5, 2020",186,18,16.857142857142858,12
Austria,AUT,"Apr 6, 2020",204,18,16.857142857142858,13
Austria,AUT,"Apr 7, 2020",220,16,16.0,14
Belgium,BEL,"Mar 21, 2020",37,16,4.857142857142857,0
Belgium,BEL,"Mar 22, 2020",67,30,9.0,1
Belgium,BEL,"Mar 23, 2020",75,8,10.142857142857142,2
Belgium,BEL,"Mar 24, 2020",88,13,11.857142857142858,3
Belgium,BEL,"Mar 25, 2020",122,34,16.714285714285715,4
Belgium,BEL,"Mar 26, 2020",178,56,23.428571428571427,5
Belgium,BEL,"Mar 27, 2020",220,42,28.428571428571427,6
Belgium,BEL,"Mar 28, 2020",289,69,36.0,7
Belgium,BEL,"Mar 29, 2020",353,64,40.857142857142854,8
Belgium,BEL,"Mar 30, 2020",431,78,50.857142857142854,9
Belgium,BEL,"Mar 31, 2020",513,82,60.714285714285715,10
Belgium,BEL,"Apr 1, 2020",705,192,83.28571428571429,11
Belgium,BEL,"Apr 2, 2020",828,123,92.85714285714286,12
Belgium,BEL,"Apr 3, 2020",1011,183,113.0,13
Belgium,BEL,"Apr 4, 2020",1143,132,122.0,14
Belgium,BEL,"Apr 5, 2020",1283,140,132.85714285714286,15
Belgium,BEL,"Apr 6, 2020",1447,164,145.14285714285714,16
Belgium,BEL,"Apr 7, 2020",1632,185,159.85714285714286,17
Brazil,BRA,"Mar 23, 2020",25,7,3.5714285714285716,0
Brazil,BRA,"Mar 24, 2020",34,9,4.857142857142857,1
Brazil,BRA,"Mar 25, 2020",46,12,6.428571428571429,2
Brazil,BRA,"Mar 26, 2020",57,11,7.571428571428571,3
Brazil,BRA,"Mar 27, 2020",77,20,10.142857142857142,4
Brazil,BRA,"Mar 28, 2020",92,15,11.571428571428571,5
Brazil,BRA,"Mar 29, 2020",114,22,13.714285714285714,6
Brazil,BRA,"Mar 30, 2020",136,22,15.857142857142858,7
Brazil,BRA,"Mar 31, 2020",159,23,17.857142857142858,8
Brazil,BRA,"Apr 1, 2020",201,42,22.142857142857142,9
Brazil,BRA,"Apr 2, 2020",241,40,26.285714285714285,10
Brazil,BRA,"Apr 3, 2020",299,58,31.714285714285715,11
Brazil,BRA,"Apr 4, 2020",359,60,38.142857142857146,12
Brazil,BRA,"Apr 5, 2020",432,73,45.42857142857143,13
Brazil,BRA,"Apr 6, 2020",486,54,50.0,14
Brazil,BRA,"Apr 7, 2020",553,67,56.285714285714285,15
Canada,CAN,"Mar 26, 2020",35,8,3.7142857142857144,0
Canada,CAN,"Mar 27, 2020",39,4,4.142857142857143,1
Canada,CAN,"Mar 28, 2020",53,14,5.857142857142857,2
Canada,CAN,"Mar 29, 2020",60,7,6.714285714285714,3
Canada,CAN,"Mar 30, 2020",61,1,6.142857142857143,4
Canada,CAN,"Mar 31, 2020",89,28,9.285714285714286,5
Canada,CAN,"Apr 1, 2020",96,7,9.857142857142858,6
Canada,CAN,"Apr 2, 2020",109,13,10.571428571428571,7
Canada,CAN,"Apr 3, 2020",138,29,14.142857142857142,8
Canada,CAN,"Apr 4, 2020",187,49,19.142857142857142,9
Canada,CAN,"Apr 5, 2020",231,44,24.428571428571427,10
Canada,CAN,"Apr 6, 2020",280,49,31.285714285714285,11
Canada,CAN,"Apr 7, 2020",323,43,33.42857142857143,12
Chile,CHL,"Apr 5, 2020",27,5,3.0,0
Chile,CHL,"Apr 6, 2020",34,7,3.857142857142857,1
Chile,CHL,"Apr 7, 2020",37,3,4.142857142857143,2
China,CHN,"Jan 24, 2020",26,9,3.4285714285714284,0
China,CHN,"Jan 25, 2020",41,15,5.571428571428571,1
China,CHN,"Jan 26, 2020",56,15,7.571428571428571,2
China,CHN,"Jan 27, 2020",81,25,11.142857142857142,3
China,CHN,"Jan 28, 2020",106,25,14.285714285714286,4
China,CHN,"Jan 29, 2020",132,26,16.428571428571427,5
China,CHN,"Jan 30, 2020",170,38,21.857142857142858,6
China,CHN,"Jan 31, 2020",213,43,26.714285714285715,7
China,CHN,"Feb 1, 2020",259,46,31.142857142857142,8
China,CHN,"Feb 2, 2020",304,45,35.42857142857143,9
China,CHN,"Feb 3, 2020",361,57,40.0,10
China,CHN,"Feb 4, 2020",426,65,45.714285714285715,11
China,CHN,"Feb 5, 2020",492,66,51.42857142857143,12
China,CHN,"Feb 6, 2020",564,72,56.285714285714285,13
China,CHN,"Feb 7, 2020",637,73,60.57142857142857,14
China,CHN,"Feb 8, 2020",723,86,66.28571428571429,15
China,CHN,"Feb 9, 2020",812,89,72.57142857142857,16
China,CHN,"Feb 10, 2020",909,97,78.28571428571429,17
China,CHN,"Feb 11, 2020",1017,108,84.42857142857143,18
China,CHN,"Feb 12, 2020",1114,97,88.85714285714286,19
China,CHN,"Feb 13, 2020",1368,254,114.85714285714286,20
China,CHN,"Feb 14, 2020",1381,13,106.28571428571429,21
China,CHN,"Feb 15, 2020",1524,143,114.42857142857143,22
China,CHN,"Feb 16, 2020",1666,142,122.0,23
China,CHN,"Feb 17, 2020",1771,105,123.14285714285714,24
China,CHN,"Feb 18, 2020",1869,98,121.71428571428571,25
China,CHN,"Feb 19, 2020",2008,139,127.71428571428571,26
China,CHN,"Feb 20, 2020",2120,112,107.42857142857143,27
China,CHN,"Feb 21, 2020",2238,118,122.42857142857143,28
China,CHN,"Feb 22, 2020",2347,109,117.57142857142857,29
China,CHN,"Feb 23, 2020",2445,98,111.28571428571429,30
China,CHN,"Feb 24, 2020",2595,150,117.71428571428571,31
China,CHN,"Feb 25, 2020",2665,70,113.71428571428571,32
China,CHN,"Feb 26, 2020",2717,52,101.28571428571429,33
China,CHN,"Feb 27, 2020",2746,29,89.42857142857143,34
China,CHN,"Feb 28, 2020",2790,44,78.85714285714286,35
China,CHN,"Feb 29, 2020",2837,47,70.0,36
China,CHN,"Mar 1, 2020",2872,35,61.0,37
China,CHN,"Mar 2, 2020",2914,42,45.57142857142857,38
China,CHN,"Mar 3, 2020",2946,32,40.142857142857146,39
China,CHN,"Mar 4, 2020",2983,37,38.0,40
China,CHN,"Mar 5, 2020",3014,31,38.285714285714285,41
China,CHN,"Mar 6, 2020",3044,30,36.285714285714285,42
China,CHN,"Mar 7, 2020",3072,28,33.57142857142857,43
China,CHN,"Mar 8, 2020",3099,27,32.42857142857143,44
China,CHN,"Mar 9, 2020",3122,23,29.714285714285715,45
China,CHN,"Mar 10, 2020",3139,17,27.571428571428573,46
China,CHN,"Mar 11, 2020",3161,22,25.428571428571427,47
China,CHN,"Mar 12, 2020",3172,11,22.571428571428573,48
China,CHN,"Mar 13, 2020",3179,7,19.285714285714285,49
China,CHN,"Mar 14, 2020",3194,15,17.428571428571427,50
China,CHN,"Mar 15, 2020",3203,9,14.857142857142858,51
China,CHN,"Mar 16, 2020",3216,13,13.428571428571429,52
China,CHN,"Mar 17, 2020",3225,9,12.285714285714286,53
China,CHN,"Mar 18, 2020",3241,16,11.428571428571429,54
China,CHN,"Mar 19, 2020",3249,8,11.0,55
China,CHN,"Mar 20, 2020",3253,4,10.571428571428571,56
China,CHN,"Mar 21, 2020",3259,6,9.285714285714286,57
China,CHN,"Mar 22, 2020",3265,6,8.857142857142858,58
China,CHN,"Mar 23, 2020",3274,9,8.285714285714286,59
China,CHN,"Mar 24, 2020",3281,7,8.0,60
China,CHN,"Mar 25, 2020",3285,4,6.285714285714286,61
China,CHN,"Mar 26, 2020",3291,6,6.0,62
China,CHN,"Mar 27, 2020",3296,5,6.142857142857143,63
China,CHN,"Mar 28, 2020",3299,3,5.714285714285714,64
China,CHN,"Mar 29, 2020",3304,5,5.571428571428571,65
China,CHN,"Mar 30, 2020",3306,2,4.571428571428571,66
China,CHN,"Mar 31, 2020",3309,3,4.0,67
China,CHN,"Apr 1, 2020",3310,1,3.5714285714285716,68
China,CHN,"Apr 2, 2020",3316,6,3.5714285714285716,69
China,CHN,"Apr 3, 2020",3326,10,4.285714285714286,70
China,CHN,"Apr 4, 2020",3330,4,4.428571428571429,71
China,CHN,"Apr 5, 2020",3333,3,4.142857142857143,72
China,CHN,"Apr 6, 2020",3335,2,4.142857142857143,73
China,CHN,"Apr 7, 2020",3335,0,3.7142857142857144,74
Colombia,COL,"Apr 5, 2020",32,7,3.7142857142857144,0
Colombia,COL,"Apr 6, 2020",35,3,3.5714285714285716,1
Colombia,COL,"Apr 7, 2020",46,11,4.571428571428571,2
Denmark,DNK,"Mar 24, 2020",24,11,3.2857142857142856,0
Denmark,DNK,"Mar 25, 2020",32,8,4.0,1
Denmark,DNK,"Mar 26, 2020",34,2,4.285714285714286,2
Denmark,DNK,"Mar 27, 2020",41,7,5.0,3
Denmark,DNK,"Mar 28, 2020",52,11,6.142857142857143,4
Denmark,DNK,"Mar 29, 2020",65,13,7.428571428571429,5
Denmark,DNK,"Mar 30, 2020",72,7,8.428571428571429,6
Denmark,DNK,"Mar 31, 2020",77,5,7.571428571428571,7
Denmark,DNK,"Apr 1, 2020",90,13,8.285714285714286,8
Denmark,DNK,"Apr 2, 2020",104,14,10.0,9
Denmark,DNK,"Apr 3, 2020",123,19,11.714285714285714,10
Denmark,DNK,"Apr 4, 2020",139,16,12.428571428571429,11
Denmark,DNK,"Apr 5, 2020",161,22,13.714285714285714,12
Denmark,DNK,"Apr 6, 2020",179,18,15.285714285714286,13
Denmark,DNK,"Apr 7, 2020",187,8,15.714285714285714,14
Dominican Republic,DOM,"Mar 29, 2020",28,8,3.5714285714285716,0
Dominican Republic,DOM,"Mar 30, 2020",39,11,5.142857142857143,1
Dominican Republic,DOM,"Mar 31, 2020",42,3,5.571428571428571,2
Dominican Republic,DOM,"Apr 1, 2020",51,9,6.428571428571429,3
Dominican Republic,DOM,"Apr 2, 2020",57,6,6.714285714285714,4
Dominican Republic,DOM,"Apr 3, 2020",60,3,7.142857142857143,5
Dominican Republic,DOM,"Apr 4, 2020",68,8,6.857142857142857,6
Dominican Republic,DOM,"Apr 5, 2020",77,9,7.0,7
Dominican Republic,DOM,"Apr 6, 2020",82,5,6.142857142857143,8
Dominican Republic,DOM,"Apr 7, 2020",86,4,6.285714285714286,9
Ecuador,ECU,"Mar 25, 2020",27,9,3.5714285714285716,0
Ecuador,ECU,"Mar 26, 2020",29,2,3.7142857142857144,1
Ecuador,ECU,"Mar 27, 2020",34,5,4.428571428571429,2
Ecuador,ECU,"Mar 28, 2020",41,7,4.857142857142857,3
Ecuador,ECU,"Mar 29, 2020",48,7,5.857142857142857,4
Ecuador,ECU,"Mar 30, 2020",58,10,6.285714285714286,5
Ecuador,ECU,"Mar 31, 2020",62,4,6.285714285714286,6
Ecuador,ECU,"Apr 1, 2020",79,17,7.428571428571429,7
Ecuador,ECU,"Apr 2, 2020",120,41,13.0,8
Ecuador,ECU,"Apr 3, 2020",120,0,12.285714285714286,9
Ecuador,ECU,"Apr 4, 2020",145,25,14.857142857142858,10
Ecuador,ECU,"Apr 5, 2020",172,27,17.714285714285715,11
Ecuador,ECU,"Apr 6, 2020",180,8,17.428571428571427,12
Ecuador,ECU,"Apr 7, 2020",191,11,18.428571428571427,13
Egypt,EGY,"Mar 29, 2020",30,6,3.142857142857143,0
Egypt,EGY,"Mar 30, 2020",36,6,3.7142857142857144,1
Egypt,EGY,"Mar 31, 2020",40,4,3.7142857142857144,2
Egypt,EGY,"Apr 1, 2020",41,1,3.142857142857143,3
Egypt,EGY,"Apr 2, 2020",46,5,3.5714285714285716,4
Egypt,EGY,"Apr 3, 2020",52,6,4.428571428571429,5
Egypt,EGY,"Apr 4, 2020",52,0,4.0,6
Egypt,EGY,"Apr 5, 2020",66,14,5.142857142857143,7
Egypt,EGY,"Apr 6, 2020",71,5,5.0,8
Egypt,EGY,"Apr 7, 2020",78,7,5.428571428571429,9
France,FRA,"Mar 10, 2020",30,11,3.857142857142857,0
France,FRA,"Mar 11, 2020",33,3,4.142857142857143,1
France,FRA,"Mar 12, 2020",48,15,6.285714285714286,2
France,FRA,"Mar 13, 2020",61,13,7.714285714285714,3
France,FRA,"Mar 14, 2020",79,18,10.0,4
France,FRA,"Mar 15, 2020",91,12,11.571428571428571,5
France,FRA,"Mar 16, 2020",127,36,15.428571428571429,6
France,FRA,"Mar 17, 2020",148,21,16.857142857142858,7
France,FRA,"Mar 18, 2020",175,27,20.285714285714285,8
France,FRA,"Mar 19, 2020",244,69,28.0,9
France,FRA,"Mar 20, 2020",372,128,44.42857142857143,10
France,FRA,"Mar 21, 2020",450,78,53.0,11
France,FRA,"Mar 22, 2020",562,112,67.28571428571429,12
France,FRA,"Mar 23, 2020",674,112,78.14285714285714,13
France,FRA,"Mar 24, 2020",860,186,101.71428571428571,14
France,FRA,"Mar 25, 2020",1100,240,132.14285714285714,15
France,FRA,"Mar 26, 2020",1331,231,155.28571428571428,16
France,FRA,"Mar 27, 2020",1696,365,189.14285714285714,17
France,FRA,"Mar 28, 2020",1995,299,220.71428571428572,18
France,FRA,"Mar 29, 2020",2314,319,250.28571428571428,19
France,FRA,"Mar 30, 2020",2606,292,276.0,20
France,FRA,"Mar 31, 2020",3024,418,309.14285714285717,21
France,FRA,"Apr 1, 2020",3523,499,346.14285714285717,22
France,FRA,"Apr 2, 2020",4032,509,385.85714285714283,23
France,FRA,"Apr 3, 2020",4503,471,401.0,24
France,FRA,"Apr 4, 2020",6507,2004,644.5714285714286,25
France,FRA,"Apr 5, 2020",7560,1053,749.4285714285714,26
France,FRA,"Apr 6, 2020",8078,518,781.7142857142857,27
France,FRA,"Apr 7, 2020",8911,833,841.0,28
Germany,DEU,"Mar 20, 2020",43,30,5.428571428571429,0
Germany,DEU,"Mar 21, 2020",45,2,5.714285714285714,1
Germany,DEU,"Mar 22, 2020",67,22,8.428571428571429,2
Germany,DEU,"Mar 23, 2020",94,27,11.714285714285714,3
Germany,DEU,"Mar 24, 2020",126,32,16.142857142857142,4
Germany,DEU,"Mar 25, 2020",149,23,19.428571428571427,5
Germany,DEU,"Mar 26, 2020",198,49,26.428571428571427,6
Germany,DEU,"Mar 27, 2020",253,55,30.0,7
Germany,DEU,"Mar 28, 2020",325,72,40.0,8
Germany,DEU,"Mar 29, 2020",389,64,46.0,9
Germany,DEU,"Mar 30, 2020",455,66,51.57142857142857,10
Germany,DEU,"Mar 31, 2020",583,128,65.28571428571429,11
Germany,DEU,"Apr 1, 2020",732,149,83.28571428571429,12
Germany,DEU,"Apr 2, 2020",872,140,96.28571428571429,13
Germany,DEU,"Apr 3, 2020",1017,145,109.14285714285714,14
Germany,DEU,"Apr 4, 2020",1158,141,119.0,15
Germany,DEU,"Apr 5, 2020",1342,184,136.14285714285714,16
Germany,DEU,"Apr 6, 2020",1434,92,139.85714285714286,17
Germany,DEU,"Apr 7, 2020",1607,173,146.28571428571428,18
Greece,GRC,"Mar 27, 2020",26,4,3.0,0
Greece,GRC,"Mar 28, 2020",28,2,2.857142857142857,1
Greece,GRC,"Mar 29, 2020",32,4,2.7142857142857144,2
Greece,GRC,"Mar 30, 2020",38,6,3.2857142857142856,3
Greece,GRC,"Mar 31, 2020",43,5,3.7142857142857144,4
Greece,GRC,"Apr 1, 2020",49,6,4.142857142857143,5
Greece,GRC,"Apr 2, 2020",50,1,4.0,6
Greece,GRC,"Apr 3, 2020",53,3,3.857142857142857,7
Greece,GRC,"Apr 4, 2020",59,6,4.428571428571429,8
Greece,GRC,"Apr 5, 2020",68,9,5.142857142857143,9
Greece,GRC,"Apr 6, 2020",73,5,5.0,10
Greece,GRC,"Apr 7, 2020",79,6,5.142857142857143,11
Hungary,HUN,"Apr 4, 2020",32,11,3.0,0
Hungary,HUN,"Apr 5, 2020",34,2,3.0,1
Hungary,HUN,"Apr 6, 2020",38,4,3.2857142857142856,2
Hungary,HUN,"Apr 7, 2020",47,9,4.571428571428571,3
India,IND,"Mar 29, 2020",25,6,3.0,0
India,IND,"Mar 30, 2020",29,4,3.142857142857143,1
India,IND,"Mar 31, 2020",32,3,3.2857142857142856,2
India,IND,"Apr 1, 2020",35,3,3.7142857142857144,3
India,IND,"Apr 2, 2020",50,15,5.285714285714286,4
India,IND,"Apr 3, 2020",56,6,5.571428571428571,5
India,IND,"Apr 4, 2020",68,12,7.0,6
India,IND,"Apr 5, 2020",77,9,7.428571428571429,7
India,IND,"Apr 6, 2020",109,32,11.428571428571429,8
India,IND,"Apr 7, 2020",114,5,11.714285714285714,9
Indonesia,IDN,"Mar 21, 2020",25,6,3.0,0
Indonesia,IDN,"Mar 22, 2020",38,13,4.857142857142857,1
Indonesia,IDN,"Mar 23, 2020",48,10,6.142857142857143,2
Indonesia,IDN,"Mar 24, 2020",49,1,6.285714285714286,3
Indonesia,IDN,"Mar 25, 2020",55,6,7.142857142857143,4
Indonesia,IDN,"Mar 26, 2020",58,3,7.571428571428571,5
Indonesia,IDN,"Mar 27, 2020",78,20,8.428571428571429,6
Indonesia,IDN,"Mar 28, 2020",87,9,8.857142857142858,7
Indonesia,IDN,"Mar 29, 2020",102,15,9.142857142857142,8
Indonesia,IDN,"Mar 30, 2020",114,12,9.428571428571429,9
Indonesia,IDN,"Mar 31, 2020",122,8,10.428571428571429,10
Indonesia,IDN,"Apr 1, 2020",136,14,11.571428571428571,11
Indonesia,IDN,"Apr 2, 2020",157,21,14.142857142857142,12
Indonesia,IDN,"Apr 3, 2020",170,13,13.142857142857142,13
Indonesia,IDN,"Apr 4, 2020",181,11,13.428571428571429,14
Indonesia,IDN,"Apr 5, 2020",191,10,12.714285714285714,15
Indonesia,IDN,"Apr 6, 2020",198,7,12.0,16
Indonesia,IDN,"Apr 7, 2020",209,11,12.428571428571429,17
Iran,IRN,"Feb 28, 2020",26,7,3.4285714285714284,0
Iran,IRN,"Feb 29, 2020",34,8,4.285714285714286,1
Iran,IRN,"Mar 1, 2020",43,9,5.428571428571429,2
Iran,IRN,"Mar 2, 2020",54,11,6.571428571428571,3
Iran,IRN,"Mar 3, 2020",66,12,7.714285714285714,4
Iran,IRN,"Mar 4, 2020",77,11,8.857142857142858,5
Iran,IRN,"Mar 5, 2020",92,15,10.428571428571429,6
Iran,IRN,"Mar 6, 2020",107,15,11.571428571428571,7
Iran,IRN,"Mar 7, 2020",124,17,12.857142857142858,8
Iran,IRN,"Mar 8, 2020",145,21,14.571428571428571,9
Iran,IRN,"Mar 9, 2020",194,49,20.0,10
Iran,IRN,"Mar 10, 2020",237,43,24.428571428571427,11
Iran,IRN,"Mar 11, 2020",291,54,30.571428571428573,12
Iran,IRN,"Mar 12, 2020",354,63,37.42857142857143,13
Iran,IRN,"Mar 13, 2020",429,75,46.0,14
Iran,IRN,"Mar 14, 2020",514,85,55.714285714285715,15
Iran,IRN,"Mar 15, 2020",611,97,66.57142857142857,16
Iran,IRN,"Mar 16, 2020",724,113,75.71428571428571,17
Iran,IRN,"Mar 17, 2020",853,129,88.0,18
Iran,IRN,"Mar 18, 2020",988,135,99.57142857142857,19
Iran,IRN,"Mar 19, 2020",1135,147,111.57142857142857,20
Iran,IRN,"Mar 20, 2020",1284,149,122.14285714285714,21
Iran,IRN,"Mar 21, 2020",1433,149,131.28571428571428,22
Iran,IRN,"Mar 22, 2020",1556,123,135.0,23
Iran,IRN,"Mar 23, 2020",1685,129,137.28571428571428,24
Iran,IRN,"Mar 24, 2020",1812,127,137.0,25
Iran,IRN,"Mar 25, 2020",1934,122,135.14285714285714,26
Iran,IRN,"Mar 26, 2020",2077,143,134.57142857142858,27
Iran,IRN,"Mar 27, 2020",2234,157,135.71428571428572,28
Iran,IRN,"Mar 28, 2020",2378,144,135.0,29
Iran,IRN,"Mar 29, 2020",2517,139,137.28571428571428,30
Iran,IRN,"Mar 30, 2020",2640,123,136.42857142857142,31
Iran,IRN,"Mar 31, 2020",2757,117,135.0,32
Iran,IRN,"Apr 1, 2020",2898,141,137.71428571428572,33
Iran,IRN,"Apr 2, 2020",3036,138,137.0,34
Iran,IRN,"Apr 3, 2020",3160,124,132.28571428571428,35
Iran,IRN,"Apr 4, 2020",3160,0,111.71428571428571,36
Iran,IRN,"Apr 5, 2020",3452,292,133.57142857142858,37
Iran,IRN,"Apr 6, 2020",3603,151,137.57142857142858,38
Iran,IRN,"Apr 7, 2020",3739,136,140.28571428571428,39
Iraq,IRQ,"Mar 27, 2020",36,7,3.4285714285714284,0
Iraq,IRQ,"Mar 28, 2020",40,4,3.7142857142857144,1
Iraq,IRQ,"Mar 29, 2020",42,2,3.5714285714285716,2
Iraq,IRQ,"Mar 30, 2020",42,0,3.142857142857143,3
Iraq,IRQ,"Mar 31, 2020",46,4,3.2857142857142856,4
Iraq,IRQ,"Apr 1, 2020",50,4,3.2857142857142856,5
Iraq,IRQ,"Apr 2, 2020",50,0,3.0,6
Iraq,IRQ,"Apr 3, 2020",54,4,2.5714285714285716,7
Iraq,IRQ,"Apr 4, 2020",54,0,2.0,8
Iraq,IRQ,"Apr 5, 2020",56,2,2.0,9
Iraq,IRQ,"Apr 6, 2020",61,5,2.7142857142857144,10
Iraq,IRQ,"Apr 7, 2020",64,3,2.5714285714285716,11
Ireland,IRL,"Mar 29, 2020",36,14,4.714285714285714,0
Ireland,IRL,"Mar 30, 2020",46,10,6.0,1
Ireland,IRL,"Mar 31, 2020",54,8,6.857142857142857,2
Ireland,IRL,"Apr 1, 2020",71,17,9.142857142857142,3
Ireland,IRL,"Apr 2, 2020",85,14,10.857142857142858,4
Ireland,IRL,"Apr 3, 2020",98,13,11.285714285714286,5
Ireland,IRL,"Apr 4, 2020",120,22,14.0,6
Ireland,IRL,"Apr 5, 2020",137,17,14.428571428571429,7
Ireland,IRL,"Apr 6, 2020",158,21,16.0,8
Ireland,IRL,"Apr 7, 2020",174,16,17.142857142857142,9
Israel,ISR,"Apr 3, 2020",34,13,3.7142857142857144,0
Israel,ISR,"Apr 4, 2020",39,5,4.142857142857143,1
Israel,ISR,"Apr 5, 2020",46,7,4.857142857142857,2
Israel,ISR,"Apr 6, 2020",49,3,4.857142857142857,3
Israel,ISR,"Apr 7, 2020",57,8,5.714285714285714,4
Italy,ITA,"Feb 29, 2020",21,4,3.0,0
Italy,ITA,"Mar 1, 2020",29,8,3.857142857142857,1
Italy,ITA,"Mar 2, 2020",35,6,4.714285714285714,2
Italy,ITA,"Mar 3, 2020",52,17,6.571428571428571,3
Italy,ITA,"Mar 4, 2020",80,28,9.857142857142858,4
Italy,ITA,"Mar 5, 2020",107,27,13.571428571428571,5
Italy,ITA,"Mar 6, 2020",148,41,18.714285714285715,6
Italy,ITA,"Mar 7, 2020",197,49,25.142857142857142,7
Italy,ITA,"Mar 8, 2020",233,36,29.142857142857142,8
Italy,ITA,"Mar 9, 2020",366,133,47.285714285714285,9
Italy,ITA,"Mar 10, 2020",464,98,58.857142857142854,10
Italy,ITA,"Mar 11, 2020",631,167,78.71428571428571,11
Italy,ITA,"Mar 12, 2020",827,196,102.85714285714286,12
Italy,ITA,"Mar 13, 2020",1016,189,124.0,13
Italy,ITA,"Mar 14, 2020",1268,252,153.0,14
Italy,ITA,"Mar 15, 2020",1441,173,172.57142857142858,15
Italy,ITA,"Mar 16, 2020",1811,370,206.42857142857142,16
Italy,ITA,"Mar 17, 2020",2158,347,242.0,17
Italy,ITA,"Mar 18, 2020",2505,347,267.7142857142857,18
Italy,ITA,"Mar 19, 2020",2978,473,307.2857142857143,19
Italy,ITA,"Mar 20, 2020",3407,429,341.57142857142856,20
Italy,ITA,"Mar 21, 2020",4032,625,394.85714285714283,21
Italy,ITA,"Mar 22, 2020",4827,795,483.7142857142857,22
Italy,ITA,"Mar 23, 2020",5476,649,523.5714285714286,23
Italy,ITA,"Mar 24, 2020",6077,601,559.8571428571429,24
Italy,ITA,"Mar 25, 2020",6820,743,616.4285714285714,25
Italy,ITA,"Mar 26, 2020",7505,685,646.7142857142857,26
Italy,ITA,"Mar 27, 2020",8165,660,679.7142857142857,27
Italy,ITA,"Mar 28, 2020",9136,971,729.1428571428571,28
Italy,ITA,"Mar 29, 2020",10023,887,742.2857142857143,29
Italy,ITA,"Mar 30, 2020",10781,758,757.8571428571429,30
Italy,ITA,"Mar 31, 2020",11591,810,787.7142857142857,31
Italy,ITA,"Apr 1, 2020",12430,839,801.4285714285714,32
Italy,ITA,"Apr 2, 2020",13157,727,807.4285714285714,33
Italy,ITA,"Apr 3, 2020",13917,760,821.7142857142857,34
Italy,ITA,"Apr 4, 2020",14681,764,792.1428571428571,35
Italy,ITA,"Apr 5, 2020",15362,681,762.7142857142857,36
Italy,ITA,"Apr 6, 2020",15889,527,729.7142857142857,37
Italy,ITA,"Apr 7, 2020",16525,636,704.8571428571429,38
Japan,JPN,"Apr 7, 2020",80,7,3.4285714285714284,0
Luxembourg,LUX,"Apr 2, 2020",29,6,3.0,0
Luxembourg,LUX,"Apr 3, 2020",30,1,3.0,1
Luxembourg,LUX,"Apr 4, 2020",31,1,2.2857142857142856,2
Luxembourg,LUX,"Apr 5, 2020",31,0,1.8571428571428572,3
Luxembourg,LUX,"Apr 6, 2020",36,5,2.142857142857143,4
Luxembourg,LUX,"Apr 7, 2020",41,5,2.7142857142857144,5
Malaysia,MYS,"Mar 27, 2020",23,4,3.0,0
Malaysia,MYS,"Mar 28, 2020",26,3,3.4285714285714284,1
Malaysia,MYS,"Mar 29, 2020",27,1,3.2857142857142856,2
Malaysia,MYS,"Mar 30, 2020",34,7,3.4285714285714284,3
Malaysia,MYS,"Mar 31, 2020",37,3,3.2857142857142856,4
Malaysia,MYS,"Apr 1, 2020",37,0,3.142857142857143,5
Malaysia,MYS,"Apr 2, 2020",45,8,3.7142857142857144,6
Malaysia,MYS,"Apr 3, 2020",50,5,3.857142857142857,7
Malaysia,MYS,"Apr 4, 2020",53,3,3.857142857142857,8
Malaysia,MYS,"Apr 5, 2020",57,4,4.285714285714286,9
Malaysia,MYS,"Apr 6, 2020",61,4,3.857142857142857,10
Malaysia,MYS,"Apr 7, 2020",62,1,3.5714285714285716,11
Mexico,MEX,"Mar 31, 2020",28,8,3.4285714285714284,0
Mexico,MEX,"Apr 1, 2020",29,1,3.4285714285714284,1
Mexico,MEX,"Apr 2, 2020",37,8,4.571428571428571,2
Mexico,MEX,"Apr 3, 2020",37,0,4.142857142857143,3
Mexico,MEX,"Apr 4, 2020",60,23,6.857142857142857,4
Mexico,MEX,"Apr 5, 2020",79,19,9.0,5
Mexico,MEX,"Apr 6, 2020",94,15,10.571428571428571,6
Mexico,MEX,"Apr 7, 2020",125,31,13.857142857142858,7
Morocco,MAR,"Mar 30, 2020",26,3,3.142857142857143,0
Morocco,MAR,"Mar 31, 2020",33,7,4.142857142857143,1
Morocco,MAR,"Apr 1, 2020",36,3,4.428571428571429,2
Morocco,MAR,"Apr 2, 2020",39,3,4.714285714285714,3
Morocco,MAR,"Apr 3, 2020",44,5,4.857142857142857,4
Morocco,MAR,"Apr 4, 2020",44,0,3.0,5
Morocco,MAR,"Apr 5, 2020",59,15,5.142857142857143,6
Morocco,MAR,"Apr 6, 2020",70,11,6.285714285714286,7
Morocco,MAR,"Apr 7, 2020",80,10,6.714285714285714,8
Netherlands,NLD,"Mar 17, 2020",24,4,3.0,0
Netherlands,NLD,"Mar 18, 2020",43,19,5.571428571428571,1
Netherlands,NLD,"Mar 19, 2020",58,15,7.571428571428571,2
Netherlands,NLD,"Mar 20, 2020",76,18,10.142857142857142,3
Netherlands,NLD,"Mar 21, 2020",106,30,14.428571428571429,4
Netherlands,NLD,"Mar 22, 2020",136,30,17.714285714285715,5
Netherlands,NLD,"Mar 23, 2020",179,43,22.714285714285715,6
Netherlands,NLD,"Mar 24, 2020",213,34,27.0,7
Netherlands,NLD,"Mar 25, 2020",276,63,33.285714285714285,8
Netherlands,NLD,"Mar 26, 2020",356,80,42.57142857142857,9
Netherlands,NLD,"Mar 27, 2020",434,78,51.142857142857146,10
Netherlands,NLD,"Mar 28, 2020",546,112,62.857142857142854,11
Netherlands,NLD,"Mar 29, 2020",639,93,71.85714285714286,12
Netherlands,NLD,"Mar 30, 2020",771,132,84.57142857142857,13
Netherlands,NLD,"Mar 31, 2020",864,93,93.0,14
Netherlands,NLD,"Apr 1, 2020",1039,175,109.0,15
Netherlands,NLD,"Apr 2, 2020",1173,134,116.71428571428571,16
Netherlands,NLD,"Apr 3, 2020",1339,166,129.28571428571428,17
Netherlands,NLD,"Apr 4, 2020",1487,148,134.42857142857142,18
Netherlands,NLD,"Apr 5, 2020",1651,164,144.57142857142858,19
Netherlands,NLD,"Apr 6, 2020",1766,115,142.14285714285714,20
Netherlands,NLD,"Apr 7, 2020",1867,101,143.28571428571428,21
Norway,NOR,"Apr 3, 2020",42,10,4.0,0
Norway,NOR,"Apr 4, 2020",44,2,4.0,1
Norway,NOR,"Apr 5, 2020",50,6,4.285714285714286,2
Norway,NOR,"Apr 6, 2020",58,8,5.142857142857143,3
Norway,NOR,"Apr 7, 2020",59,1,4.714285714285714,4
Pakistan,PAK,"Apr 2, 2020",31,5,3.2857142857142856,0
Pakistan,PAK,"Apr 3, 2020",31,0,3.142857142857143,1
Pakistan,PAK,"Apr 4, 2020",31,0,3.142857142857143,2
Pakistan,PAK,"Apr 5, 2020",35,4,3.4285714285714284,3
Pakistan,PAK,"Apr 6, 2020",50,15,5.285714285714286,4
Pakistan,PAK,"Apr 7, 2020",54,4,5.142857142857143,5
Panama,PAN,"Mar 30, 2020",24,7,3.0,0
Panama,PAN,"Mar 31, 2020",26,2,2.857142857142857,1
Panama,PAN,"Apr 1, 2020",30,4,3.4285714285714284,2
Panama,PAN,"Apr 2, 2020",32,2,3.7142857142857144,3
Panama,PAN,"Apr 3, 2020",37,5,4.0,4
Panama,PAN,"Apr 4, 2020",41,4,3.857142857142857,5
Panama,PAN,"Apr 5, 2020",46,5,4.142857142857143,6
Panama,PAN,"Apr 6, 2020",54,8,4.285714285714286,7
Panama,PAN,"Apr 7, 2020",55,1,4.142857142857143,8
Peru,PER,"Apr 1, 2020",30,6,3.2857142857142856,0
Peru,PER,"Apr 2, 2020",47,17,5.571428571428571,1
Peru,PER,"Apr 3, 2020",55,8,6.571428571428571,2
Peru,PER,"Apr 4, 2020",61,6,7.142857142857143,3
Peru,PER,"Apr 5, 2020",73,12,8.142857142857142,4
Peru,PER,"Apr 6, 2020",83,10,9.285714285714286,5
Peru,PER,"Apr 7, 2020",92,9,9.714285714285714,6
Philippines,PHL,"Mar 24, 2020",33,8,3.0,0
Philippines,PHL,"Mar 25, 2020",35,2,3.0,1
Philippines,PHL,"Mar 26, 2020",38,3,3.0,2
Philippines,PHL,"Mar 27, 2020",45,7,3.857142857142857,3
Philippines,PHL,"Mar 28, 2020",54,9,5.142857142857143,4
Philippines,PHL,"Mar 29, 2020",68,14,6.142857142857143,5
Philippines,PHL,"Mar 30, 2020",71,3,6.571428571428571,6
Philippines,PHL,"Mar 31, 2020",88,17,7.857142857142857,7
Philippines,PHL,"Apr 1, 2020",88,0,7.571428571428571,8
Philippines,PHL,"Apr 2, 2020",96,8,8.285714285714286,9
Philippines,PHL,"Apr 3, 2020",107,11,8.857142857142858,10
Philippines,PHL,"Apr 4, 2020",136,29,11.714285714285714,11
Philippines,PHL,"Apr 5, 2020",144,8,10.857142857142858,12
Philippines,PHL,"Apr 6, 2020",152,8,11.571428571428571,13
Philippines,PHL,"Apr 7, 2020",163,11,10.714285714285714,14
Poland,POL,"Mar 31, 2020",31,9,3.2857142857142856,0
Poland,POL,"Apr 1, 2020",33,2,3.2857142857142856,1
Poland,POL,"Apr 2, 2020",43,10,4.142857142857143,2
Poland,POL,"Apr 3, 2020",57,14,5.857142857142857,3
Poland,POL,"Apr 4, 2020",71,14,7.857142857142857,4
Poland,POL,"Apr 5, 2020",79,8,8.714285714285714,5
Poland,POL,"Apr 6, 2020",94,15,10.285714285714286,6
Poland,POL,"Apr 7, 2020",107,13,10.857142857142858,7
Portugal,PRT,"Mar 24, 2020",23,9,3.2857142857142856,0
Portugal,PRT,"Mar 25, 2020",33,10,4.571428571428571,1
Portugal,PRT,"Mar 26, 2020",43,10,5.857142857142857,2
Portugal,PRT,"Mar 27, 2020",60,17,8.142857142857142,3
Portugal,PRT,"Mar 28, 2020",76,16,10.0,4
Portugal,PRT,"Mar 29, 2020",100,24,12.571428571428571,5
Portugal,PRT,"Mar 30, 2020",119,19,15.0,6
Portugal,PRT,"Mar 31, 2020",140,21,16.714285714285715,7
Portugal,PRT,"Apr 1, 2020",160,20,18.142857142857142,8
Portugal,PRT,"Apr 2, 2020",187,27,20.571428571428573,9
Portugal,PRT,"Apr 3, 2020",209,22,21.285714285714285,10
Portugal,PRT,"Apr 4, 2020",246,37,24.285714285714285,11
Portugal,PRT,"Apr 5, 2020",266,20,23.714285714285715,12
Portugal,PRT,"Apr 6, 2020",295,29,25.142857142857142,13
Portugal,PRT,"Apr 7, 2020",311,16,24.428571428571427,14
Romania,ROU,"Mar 28, 2020",24,7,3.4285714285714284,0
Romania,ROU,"Mar 29, 2020",29,5,4.142857142857143,1
Romania,ROU,"Mar 30, 2020",40,11,5.428571428571429,2
Romania,ROU,"Mar 31, 2020",44,4,5.285714285714286,3
Romania,ROU,"Apr 1, 2020",69,25,8.285714285714286,4
Romania,ROU,"Apr 2, 2020",85,16,10.285714285714286,5
Romania,ROU,"Apr 3, 2020",94,9,11.0,6
Romania,ROU,"Apr 4, 2020",133,39,15.571428571428571,7
Romania,ROU,"Apr 5, 2020",141,8,16.0,8
Romania,ROU,"Apr 6, 2020",148,7,15.428571428571429,9
Romania,ROU,"Apr 7, 2020",157,9,16.142857142857142,10
Russia,RUS,"Apr 2, 2020",24,7,3.4285714285714284,0
Russia,RUS,"Apr 3, 2020",30,6,4.0,1
Russia,RUS,"Apr 4, 2020",34,4,4.285714285714286,2
Russia,RUS,"Apr 5, 2020",43,9,5.428571428571429,3
Russia,RUS,"Apr 6, 2020",45,2,5.285714285714286,4
Russia,RUS,"Apr 7, 2020",47,2,5.285714285714286,5
Saudi Arabia,SAU,"Apr 5, 2020",29,8,3.5714285714285716,0
Saudi Arabia,SAU,"Apr 6, 2020",34,5,3.7142857142857144,1
Saudi Arabia,SAU,"Apr 7, 2020",38,4,4.285714285714286,2
Serbia,SRB,"Apr 1, 2020",23,10,3.142857142857143,0
Serbia,SRB,"Apr 2, 2020",23,0,3.0,1
Serbia,SRB,"Apr 3, 2020",31,8,4.0,2
Serbia,SRB,"Apr 4, 2020",39,8,4.714285714285714,3
Serbia,SRB,"Apr 5, 2020",44,5,4.857142857142857,4
Serbia,SRB,"Apr 6, 2020",51,7,5.428571428571429,5
Serbia,SRB,"Apr 7, 2020",58,7,6.428571428571429,6
South Korea,KOR,"Mar 4, 2020",32,4,3.0,0
South Korea,KOR,"Mar 5, 2020",35,3,3.2857142857142856,1
South Korea,KOR,"Mar 6, 2020",42,7,4.142857142857143,2
South Korea,KOR,"Mar 7, 2020",44,2,4.0,3
South Korea,KOR,"Mar 8, 2020",50,6,4.714285714285714,4
South Korea,KOR,"Mar 9, 2020",51,1,4.142857142857143,5
South Korea,KOR,"Mar 10, 2020",54,3,3.7142857142857144,6
South Korea,KOR,"Mar 11, 2020",60,6,4.0,7
South Korea,KOR,"Mar 12, 2020",66,6,4.428571428571429,8
South Korea,KOR,"Mar 13, 2020",67,1,3.5714285714285716,9
South Korea,KOR,"Mar 14, 2020",72,5,4.0,10
South Korea,KOR,"Mar 15, 2020",75,3,3.5714285714285716,11
South Korea,KOR,"Mar 16, 2020",75,0,3.4285714285714284,12
South Korea,KOR,"Mar 17, 2020",81,6,3.857142857142857,13
South Korea,KOR,"Mar 18, 2020",86,5,3.7142857142857144,14
South Korea,KOR,"Mar 19, 2020",91,5,3.5714285714285716,15
South Korea,KOR,"Mar 20, 2020",100,9,4.714285714285714,16
South Korea,KOR,"Mar 21, 2020",103,3,4.428571428571429,17
South Korea,KOR,"Mar 22, 2020",104,1,4.142857142857143,18
South Korea,KOR,"Mar 23, 2020",113,9,5.428571428571429,19
South Korea,KOR,"Mar 24, 2020",120,7,5.571428571428571,20
South Korea,KOR,"Mar 25, 2020",126,6,5.714285714285714,21
South Korea,KOR,"Mar 26, 2020",131,5,5.714285714285714,22
South Korea,KOR,"Mar 27, 2020",139,8,5.571428571428571,23
South Korea,KOR,"Mar 28, 2020",144,5,5.857142857142857,24
South Korea,KOR,"Mar 29, 2020",152,8,6.857142857142857,25
South Korea,KOR,"Mar 30, 2020",158,6,6.428571428571429,26
South Korea,KOR,"Mar 31, 2020",163,5,6.142857142857143,27
South Korea,KOR,"Apr 1, 2020",163,0,5.285714285714286,28
South Korea,KOR,"Apr 2, 2020",169,6,5.428571428571429,29
South Korea,KOR,"Apr 3, 2020",174,5,5.0,30
South Korea,KOR,"Apr 4, 2020",177,3,4.714285714285714,31
South Korea,KOR,"Apr 5, 2020",183,6,4.428571428571429,32
South Korea,KOR,"Apr 6, 2020",186,3,4.0,33
South Korea,KOR,"Apr 7, 2020",192,6,4.142857142857143,34
Spain,ESP,"Mar 10, 2020",28,23,4.0,0
Spain,ESP,"Mar 11, 2020",35,7,5.0,1
Spain,ESP,"Mar 12, 2020",47,12,6.571428571428571,2
Spain,ESP,"Mar 13, 2020",84,37,11.571428571428571,3
Spain,ESP,"Mar 14, 2020",121,37,16.571428571428573,4
Spain,ESP,"Mar 15, 2020",136,15,18.714285714285715,5
Spain,ESP,"Mar 16, 2020",288,152,40.42857142857143,6
Spain,ESP,"Mar 17, 2020",309,21,40.142857142857146,7
Spain,ESP,"Mar 18, 2020",491,182,65.14285714285714,8
Spain,ESP,"Mar 19, 2020",598,107,78.71428571428571,9
Spain,ESP,"Mar 20, 2020",767,169,97.57142857142857,10
Spain,ESP,"Mar 21, 2020",1002,235,125.85714285714286,11
Spain,ESP,"Mar 22, 2020",1326,324,170.0,12
Spain,ESP,"Mar 23, 2020",1720,394,204.57142857142858,13
Spain,ESP,"Mar 24, 2020",2182,462,267.57142857142856,14
Spain,ESP,"Mar 25, 2020",2696,514,315.0,15
Spain,ESP,"Mar 26, 2020",3434,738,405.14285714285717,16
Spain,ESP,"Mar 27, 2020",4089,655,474.57142857142856,17
Spain,ESP,"Mar 28, 2020",4858,769,550.8571428571429,18
Spain,ESP,"Mar 29, 2020",5690,832,623.4285714285714,19
Spain,ESP,"Mar 30, 2020",6528,838,686.8571428571429,20
Spain,ESP,"Mar 31, 2020",7340,812,736.8571428571429,21
Spain,ESP,"Apr 1, 2020",8189,849,784.7142857142857,22
Spain,ESP,"Apr 2, 2020",9053,864,802.7142857142857,23
Spain,ESP,"Apr 3, 2020",10003,950,844.8571428571429,24
Spain,ESP,"Apr 4, 2020",10935,932,868.1428571428571,25
Spain,ESP,"Apr 5, 2020",11744,809,864.8571428571429,26
Spain,ESP,"Apr 6, 2020",12418,674,841.4285714285714,27
Spain,ESP,"Apr 7, 2020",13055,637,816.4285714285714,28
Sweden,SWE,"Mar 25, 2020",36,11,4.0,0
Sweden,SWE,"Mar 26, 2020",42,6,4.571428571428571,1
Sweden,SWE,"Mar 27, 2020",66,24,8.0,2
Sweden,SWE,"Mar 28, 2020",92,26,10.857142857142858,3
Sweden,SWE,"Mar 29, 2020",102,10,11.714285714285714,4
Sweden,SWE,"Mar 30, 2020",110,8,12.714285714285714,5
Sweden,SWE,"Mar 31, 2020",146,36,17.285714285714285,6
Sweden,SWE,"Apr 1, 2020",180,34,20.571428571428573,7
Sweden,SWE,"Apr 2, 2020",239,59,28.142857142857142,8
Sweden,SWE,"Apr 3, 2020",282,43,30.857142857142858,9
Sweden,SWE,"Apr 4, 2020",333,51,34.42857142857143,10
Sweden,SWE,"Apr 5, 2020",373,40,38.714285714285715,11
Sweden,SWE,"Apr 6, 2020",401,28,41.57142857142857,12
Sweden,SWE,"Apr 7, 2020",477,76,47.285714285714285,13
Switzerland,CHE,"Mar 20, 2020",33,12,4.142857142857143,0
Switzerland,CHE,"Mar 21, 2020",43,10,5.142857142857143,1
Switzerland,CHE,"Mar 22, 2020",56,13,6.428571428571429,2
Switzerland,CHE,"Mar 23, 2020",60,4,6.714285714285714,3
Switzerland,CHE,"Mar 24, 2020",66,6,7.428571428571429,4
Switzerland,CHE,"Mar 25, 2020",86,20,9.571428571428571,5
Switzerland,CHE,"Mar 26, 2020",103,17,11.714285714285714,6
Switzerland,CHE,"Mar 27, 2020",161,58,18.285714285714285,7
Switzerland,CHE,"Mar 28, 2020",197,36,22.0,8
Switzerland,CHE,"Mar 29, 2020",235,38,25.571428571428573,9
Switzerland,CHE,"Mar 30, 2020",257,22,28.142857142857142,10
Switzerland,CHE,"Mar 31, 2020",295,38,32.714285714285715,11
Switzerland,CHE,"Apr 1, 2020",373,78,41.0,12
Switzerland,CHE,"Apr 2, 2020",378,5,39.285714285714285,13
Switzerland,CHE,"Apr 3, 2020",432,54,38.714285714285715,14
Switzerland,CHE,"Apr 4, 2020",484,52,41.0,15
Switzerland,CHE,"Apr 5, 2020",540,56,43.57142857142857,16
Switzerland,CHE,"Apr 6, 2020",559,19,43.142857142857146,17
Switzerland,CHE,"Apr 7, 2020",584,25,41.285714285714285,18
Turkey,TUR,"Mar 22, 2020",21,12,3.0,0
Turkey,TUR,"Mar 23, 2020",30,9,4.285714285714286,1
Turkey,TUR,"Mar 24, 2020",37,7,5.285714285714286,2
Turkey,TUR,"Mar 25, 2020",44,7,6.285714285714286,3
Turkey,TUR,"Mar 26, 2020",59,15,8.285714285714286,4
Turkey,TUR,"Mar 27, 2020",75,16,10.142857142857142,5
Turkey,TUR,"Mar 28, 2020",92,17,11.857142857142858,6
Turkey,TUR,"Mar 29, 2020",108,16,12.428571428571429,7
Turkey,TUR,"Mar 30, 2020",131,23,14.428571428571429,8
Turkey,TUR,"Mar 31, 2020",168,37,18.714285714285715,9
Turkey,TUR,"Apr 1, 2020",214,46,24.285714285714285,10
Turkey,TUR,"Apr 2, 2020",277,63,31.142857142857142,11
Turkey,TUR,"Apr 3, 2020",356,79,40.142857142857146,12
Turkey,TUR,"Apr 4, 2020",425,69,47.57142857142857,13
Turkey,TUR,"Apr 5, 2020",501,76,56.142857142857146,14
Turkey,TUR,"Apr 6, 2020",574,73,63.285714285714285,15
Turkey,TUR,"Apr 7, 2020",649,75,68.71428571428571,16
Ukraine,UKR,"Apr 6, 2020",32,4,3.2857142857142856,0
Ukraine,UKR,"Apr 7, 2020",38,6,3.857142857142857,1
United Kingdom,GBR,"Mar 16, 2020",35,14,4.571428571428571,0
United Kingdom,GBR,"Mar 17, 2020",55,20,7.142857142857143,1
United Kingdom,GBR,"Mar 18, 2020",60,5,7.714285714285714,2
United Kingdom,GBR,"Mar 19, 2020",103,43,13.857142857142858,3
United Kingdom,GBR,"Mar 20, 2020",144,41,19.142857142857142,4
United Kingdom,GBR,"Mar 21, 2020",177,33,23.857142857142858,5
United Kingdom,GBR,"Mar 22, 2020",233,56,30.285714285714285,6
United Kingdom,GBR,"Mar 23, 2020",281,48,35.142857142857146,7
United Kingdom,GBR,"Mar 24, 2020",335,54,40.0,8
United Kingdom,GBR,"Mar 25, 2020",422,87,51.714285714285715,9
United Kingdom,GBR,"Mar 26, 2020",463,41,51.42857142857143,10
United Kingdom,GBR,"Mar 27, 2020",578,115,62.0,11
United Kingdom,GBR,"Mar 28, 2020",759,181,83.14285714285714,12
United Kingdom,GBR,"Mar 29, 2020",1019,260,112.28571428571429,13
United Kingdom,GBR,"Mar 30, 2020",1228,209,135.28571428571428,14
United Kingdom,GBR,"Mar 31, 2020",1408,180,153.28571428571428,15
United Kingdom,GBR,"Apr 1, 2020",1789,381,195.28571428571428,16
United Kingdom,GBR,"Apr 2, 2020",2532,743,295.57142857142856,17
United Kingdom,GBR,"Apr 3, 2020",2921,389,334.7142857142857,18
United Kingdom,GBR,"Apr 4, 2020",3605,684,406.57142857142856,19
United Kingdom,GBR,"Apr 5, 2020",4313,708,470.57142857142856,20
United Kingdom,GBR,"Apr 6, 2020",4934,621,529.4285714285714,21
United Kingdom,GBR,"Apr 7, 2020",5373,439,566.4285714285714,22
United States,USA,"Mar 13, 2020",40,10,4.0,0
United States,USA,"Mar 14, 2020",47,7,4.714285714285714,1
United States,USA,"Mar 15, 2020",57,10,5.714285714285714,2
United States,USA,"Mar 16, 2020",69,12,6.857142857142857,3
United States,USA,"Mar 17, 2020",85,16,8.428571428571429,4
United States,USA,"Mar 18, 2020",108,23,11.428571428571429,5
United States,USA,"Mar 19, 2020",150,42,17.142857142857142,6
United States,USA,"Mar 20, 2020",150,0,15.714285714285714,7
United States,USA,"Mar 21, 2020",260,110,30.428571428571427,8
United States,USA,"Mar 22, 2020",340,80,40.42857142857143,9
United States,USA,"Mar 23, 2020",471,131,57.42857142857143,10
United States,USA,"Mar 24, 2020",590,119,72.14285714285714,11
United States,USA,"Mar 25, 2020",801,211,99.0,12
United States,USA,"Mar 26, 2020",1050,249,128.57142857142858,13
United States,USA,"Mar 27, 2020",1296,246,163.71428571428572,14
United States,USA,"Mar 28, 2020",1707,411,206.71428571428572,15
United States,USA,"Mar 29, 2020",2191,484,264.42857142857144,16
United States,USA,"Mar 30, 2020",2509,318,291.14285714285717,17
United States,USA,"Mar 31, 2020",3170,661,368.57142857142856,18
United States,USA,"Apr 1, 2020",4079,909,468.2857142857143,19
United States,USA,"Apr 2, 2020",5138,1059,584.0,20
United States,USA,"Apr 3, 2020",6053,915,679.5714285714286,21
United States,USA,"Apr 4, 2020",7157,1104,778.5714285714286,22
United States,USA,"Apr 5, 2020",8501,1344,901.4285714285714,23
United States,USA,"Apr 6, 2020",9647,1146,1019.7142857142857,24
United States,USA,"Apr 7, 2020",10989,1342,1117.0,25
