Entity,Code,Date,Total confirmed deaths (deaths),Daily new confirmed deaths (deaths),Days Since Third Death,Daily Confirmed Deaths avg
Albania,ALB,"Mar 28, 2020",9,3,0,3.0
Albania,ALB,"Mar 29, 2020",10,1,1,2.0
Albania,ALB,"Mar 30, 2020",10,0,2,1.3333333333333333
Albania,ALB,"Mar 31, 2020",12,2,3,1.5
Albania,ALB,"Apr 1, 2020",15,3,4,1.8
Albania,ALB,"Apr 2, 2020",15,0,5,1.5
Albania,ALB,"Apr 3, 2020",16,1,6,1.4285714285714286
Albania,ALB,"Apr 4, 2020",17,1,7,1.1428571428571428
Algeria,DZA,"Mar 21, 2020",10,3,0,1.4285714285714286
Algeria,DZA,"Mar 22, 2020",10,0,1,1.4285714285714286
Algeria,DZA,"Mar 23, 2020",15,5,2,1.8571428571428572
Algeria,DZA,"Mar 24, 2020",17,2,3,1.7142857142857142
Algeria,DZA,"Mar 25, 2020",17,0,4,1.7142857142857142
Algeria,DZA,"Mar 26, 2020",17,0,5,1.5714285714285714
Algeria,DZA,"Mar 27, 2020",21,4,6,2.0
Algeria,DZA,"Mar 28, 2020",21,0,7,1.5714285714285714
Algeria,DZA,"Mar 29, 2020",26,5,8,2.2857142857142856
Algeria,DZA,"Mar 30, 2020",29,3,9,2.0
Algeria,DZA,"Mar 31, 2020",31,2,10,2.0
Algeria,DZA,"Apr 1, 2020",35,4,11,2.5714285714285716
Algeria,DZA,"Apr 2, 2020",58,23,12,5.857142857142857
Algeria,DZA,"Apr 3, 2020",58,0,13,5.285714285714286
Algeria,DZA,"Apr 4, 2020",83,25,14,8.857142857142858
Andorra,AND,"Mar 27, 2020",3,3,0,8.571428571428571
Andorra,AND,"Mar 28, 2020",3,0,1,8.142857142857142
Andorra,AND,"Mar 29, 2020",4,1,2,8.0
Andorra,AND,"Mar 30, 2020",6,2,3,7.714285714285714
Andorra,AND,"Mar 31, 2020",8,2,4,4.714285714285714
Andorra,AND,"Apr 1, 2020",12,4,5,5.285714285714286
Andorra,AND,"Apr 2, 2020",14,2,6,2.0
Andorra,AND,"Apr 3, 2020",15,1,7,1.7142857142857142
Andorra,AND,"Apr 4, 2020",16,1,8,1.8571428571428572
Argentina,ARG,"Mar 27, 2020",12,4,0,2.2857142857142856
Argentina,ARG,"Mar 28, 2020",17,5,1,2.7142857142857144
Argentina,ARG,"Mar 29, 2020",19,2,2,2.7142857142857144
Argentina,ARG,"Mar 30, 2020",20,1,3,2.2857142857142856
Argentina,ARG,"Mar 31, 2020",24,4,4,2.5714285714285716
Argentina,ARG,"Apr 1, 2020",24,0,5,2.4285714285714284
Argentina,ARG,"Apr 2, 2020",31,7,6,3.2857142857142856
Argentina,ARG,"Apr 3, 2020",34,3,7,3.142857142857143
Argentina,ARG,"Apr 4, 2020",37,3,8,2.857142857142857
Armenia,ARM,"Apr 4, 2020",7,3,0,3.0
Australia,AUS,"Mar 26, 2020",11,3,0,3.2857142857142856
Australia,AUS,"Mar 27, 2020",13,2,1,3.0
Australia,AUS,"Mar 28, 2020",13,0,2,3.0
Australia,AUS,"Mar 29, 2020",14,1,3,2.142857142857143
Australia,AUS,"Mar 30, 2020",16,2,4,2.0
Australia,AUS,"Mar 31, 2020",19,3,5,2.0
Australia,AUS,"Apr 1, 2020",20,1,6,1.7142857142857142
Australia,AUS,"Apr 2, 2020",21,1,7,1.4285714285714286
Australia,AUS,"Apr 3, 2020",23,2,8,1.4285714285714286
Australia,AUS,"Apr 4, 2020",30,7,9,2.4285714285714284
Austria,AUT,"Mar 23, 2020",16,8,0,3.4285714285714284
Austria,AUT,"Mar 24, 2020",25,9,1,4.428571428571429
Austria,AUT,"Mar 25, 2020",30,5,2,4.714285714285714
Austria,AUT,"Mar 26, 2020",34,4,3,5.142857142857143
Austria,AUT,"Mar 27, 2020",52,18,4,7.571428571428571
Austria,AUT,"Mar 28, 2020",68,16,5,9.571428571428571
Austria,AUT,"Mar 29, 2020",68,0,6,8.571428571428571
Austria,AUT,"Mar 30, 2020",86,18,7,10.0
Austria,AUT,"Mar 31, 2020",108,22,8,11.857142857142858
Austria,AUT,"Apr 1, 2020",128,20,9,14.0
Austria,AUT,"Apr 2, 2020",146,18,10,16.0
Austria,AUT,"Apr 3, 2020",158,12,11,15.142857142857142
Austria,AUT,"Apr 4, 2020",168,10,12,14.285714285714286
Belarus,BLR,"Apr 3, 2020",4,4,0,14.857142857142858
Belarus,BLR,"Apr 4, 2020",4,0,1,12.285714285714286
Belgium,BEL,"Mar 12, 2020",3,3,0,9.571428571428571
Belgium,BEL,"Mar 13, 2020",3,0,1,6.714285714285714
Belgium,BEL,"Mar 14, 2020",3,0,2,4.142857142857143
Belgium,BEL,"Mar 15, 2020",4,1,3,2.5714285714285716
Belgium,BEL,"Mar 16, 2020",4,0,4,1.1428571428571428
Belgium,BEL,"Mar 17, 2020",5,1,5,0.7142857142857143
Belgium,BEL,"Mar 18, 2020",5,0,6,0.7142857142857143
Belgium,BEL,"Mar 19, 2020",14,9,7,1.5714285714285714
Belgium,BEL,"Mar 20, 2020",21,7,8,2.5714285714285716
Belgium,BEL,"Mar 21, 2020",37,16,9,4.857142857142857
Belgium,BEL,"Mar 22, 2020",67,30,10,9.0
Belgium,BEL,"Mar 23, 2020",75,8,11,10.142857142857142
Belgium,BEL,"Mar 24, 2020",88,13,12,11.857142857142858
Belgium,BEL,"Mar 25, 2020",122,34,13,16.714285714285715
Belgium,BEL,"Mar 26, 2020",178,56,14,23.428571428571427
Belgium,BEL,"Mar 27, 2020",220,42,15,28.428571428571427
Belgium,BEL,"Mar 28, 2020",289,69,16,36.0
Belgium,BEL,"Mar 29, 2020",353,64,17,40.857142857142854
Belgium,BEL,"Mar 30, 2020",431,78,18,50.857142857142854
Belgium,BEL,"Mar 31, 2020",513,82,19,60.714285714285715
Belgium,BEL,"Apr 1, 2020",705,192,20,83.28571428571429
Belgium,BEL,"Apr 2, 2020",828,123,21,92.85714285714286
Belgium,BEL,"Apr 3, 2020",1011,183,22,113.0
Belgium,BEL,"Apr 4, 2020",1143,132,23,122.0
Bolivia,BOL,"Mar 30, 2020",3,3,0,113.28571428571429
Bolivia,BOL,"Mar 31, 2020",6,3,1,102.57142857142857
Bolivia,BOL,"Apr 1, 2020",7,1,2,91.0
Bolivia,BOL,"Apr 2, 2020",8,1,3,63.714285714285715
Bolivia,BOL,"Apr 3, 2020",9,1,4,46.285714285714285
Bolivia,BOL,"Apr 4, 2020",10,1,5,20.285714285714285
Bosnia and Herzegovina,BIH,"Apr 1, 2020",12,4,0,2.0
Bosnia and Herzegovina,BIH,"Apr 2, 2020",13,1,1,1.7142857142857142
Bosnia and Herzegovina,BIH,"Apr 3, 2020",17,4,2,1.8571428571428572
Bosnia and Herzegovina,BIH,"Apr 4, 2020",18,1,3,1.8571428571428572
Brazil,BRA,"Mar 19, 2020",4,3,0,2.142857142857143
Brazil,BRA,"Mar 20, 2020",6,2,1,2.2857142857142856
Brazil,BRA,"Mar 21, 2020",11,5,2,2.857142857142857
Brazil,BRA,"Mar 22, 2020",18,7,3,3.2857142857142856
Brazil,BRA,"Mar 23, 2020",25,7,4,4.142857142857143
Brazil,BRA,"Mar 24, 2020",34,9,5,4.857142857142857
Brazil,BRA,"Mar 25, 2020",46,12,6,6.428571428571429
Brazil,BRA,"Mar 26, 2020",57,11,7,7.571428571428571
Brazil,BRA,"Mar 27, 2020",77,20,8,10.142857142857142
Brazil,BRA,"Mar 28, 2020",92,15,9,11.571428571428571
Brazil,BRA,"Mar 29, 2020",114,22,10,13.714285714285714
Brazil,BRA,"Mar 30, 2020",136,22,11,15.857142857142858
Brazil,BRA,"Mar 31, 2020",159,23,12,17.857142857142858
Brazil,BRA,"Apr 1, 2020",201,42,13,22.142857142857142
Brazil,BRA,"Apr 2, 2020",241,40,14,26.285714285714285
Brazil,BRA,"Apr 3, 2020",299,58,15,31.714285714285715
Brazil,BRA,"Apr 4, 2020",359,60,16,38.142857142857146
Bulgaria,BGR,"Mar 29, 2020",7,4,0,35.57142857142857
Bulgaria,BGR,"Mar 30, 2020",8,1,1,32.57142857142857
Bulgaria,BGR,"Mar 31, 2020",8,0,2,29.285714285714285
Bulgaria,BGR,"Apr 1, 2020",8,0,3,23.285714285714285
Bulgaria,BGR,"Apr 2, 2020",10,2,4,17.857142857142858
Bulgaria,BGR,"Apr 3, 2020",10,0,5,9.571428571428571
Bulgaria,BGR,"Apr 4, 2020",14,4,6,1.5714285714285714
Burkina Faso,BFA,"Mar 29, 2020",9,6,0,1.8571428571428572
Burkina Faso,BFA,"Mar 30, 2020",9,0,1,1.7142857142857142
Burkina Faso,BFA,"Mar 31, 2020",12,3,2,2.142857142857143
Burkina Faso,BFA,"Apr 1, 2020",12,0,3,2.142857142857143
Burkina Faso,BFA,"Apr 2, 2020",14,2,4,2.142857142857143
Burkina Faso,BFA,"Apr 3, 2020",16,2,5,2.4285714285714284
Burkina Faso,BFA,"Apr 4, 2020",16,0,6,1.8571428571428572
Cameroon,CMR,"Apr 1, 2020",6,4,0,1.5714285714285714
Cameroon,CMR,"Apr 2, 2020",6,0,1,1.5714285714285714
Cameroon,CMR,"Apr 3, 2020",7,1,2,1.2857142857142858
Cameroon,CMR,"Apr 4, 2020",8,1,3,1.4285714285714286
Canada,CAN,"Mar 17, 2020",4,3,0,1.5714285714285714
Canada,CAN,"Mar 18, 2020",8,4,1,1.8571428571428572
Canada,CAN,"Mar 19, 2020",9,1,2,2.0
Canada,CAN,"Mar 20, 2020",10,1,3,1.5714285714285714
Canada,CAN,"Mar 21, 2020",12,2,4,1.8571428571428572
Canada,CAN,"Mar 22, 2020",13,1,5,1.8571428571428572
Canada,CAN,"Mar 23, 2020",18,5,6,2.4285714285714284
Canada,CAN,"Mar 24, 2020",24,6,7,2.857142857142857
Canada,CAN,"Mar 25, 2020",27,3,8,2.7142857142857144
Canada,CAN,"Mar 26, 2020",35,8,9,3.7142857142857144
Canada,CAN,"Mar 27, 2020",39,4,10,4.142857142857143
Canada,CAN,"Mar 28, 2020",53,14,11,5.857142857142857
Canada,CAN,"Mar 29, 2020",60,7,12,6.714285714285714
Canada,CAN,"Mar 30, 2020",61,1,13,6.142857142857143
Canada,CAN,"Mar 31, 2020",89,28,14,9.285714285714286
Canada,CAN,"Apr 1, 2020",96,7,15,9.857142857142858
Canada,CAN,"Apr 2, 2020",109,13,16,10.571428571428571
Canada,CAN,"Apr 3, 2020",138,29,17,14.142857142857142
Canada,CAN,"Apr 4, 2020",187,49,18,19.142857142857142
Chile,CHL,"Apr 1, 2020",12,4,0,18.714285714285715
Chile,CHL,"Apr 2, 2020",16,4,1,19.142857142857142
Chile,CHL,"Apr 3, 2020",18,2,2,15.428571428571429
Chile,CHL,"Apr 4, 2020",22,4,3,15.0
China,CHN,"Jan 21, 2020",6,3,0,13.571428571428571
China,CHN,"Jan 22, 2020",17,11,1,11.0
China,CHN,"Jan 23, 2020",17,0,2,4.0
China,CHN,"Jan 24, 2020",26,9,3,4.714285714285714
China,CHN,"Jan 25, 2020",41,15,4,6.285714285714286
China,CHN,"Jan 26, 2020",56,15,5,8.142857142857142
China,CHN,"Jan 27, 2020",81,25,6,11.142857142857142
China,CHN,"Jan 28, 2020",106,25,7,14.285714285714286
China,CHN,"Jan 29, 2020",132,26,8,16.428571428571427
China,CHN,"Jan 30, 2020",170,38,9,21.857142857142858
China,CHN,"Jan 31, 2020",213,43,10,26.714285714285715
China,CHN,"Feb 1, 2020",259,46,11,31.142857142857142
China,CHN,"Feb 2, 2020",304,45,12,35.42857142857143
China,CHN,"Feb 3, 2020",361,57,13,40.0
China,CHN,"Feb 4, 2020",426,65,14,45.714285714285715
China,CHN,"Feb 5, 2020",492,66,15,51.42857142857143
China,CHN,"Feb 6, 2020",564,72,16,56.285714285714285
China,CHN,"Feb 7, 2020",637,73,17,60.57142857142857
China,CHN,"Feb 8, 2020",723,86,18,66.28571428571429
China,CHN,"Feb 9, 2020",812,89,19,72.57142857142857
China,CHN,"Feb 10, 2020",909,97,20,78.28571428571429
China,CHN,"Feb 11, 2020",1017,108,21,84.42857142857143
China,CHN,"Feb 12, 2020",1114,97,22,88.85714285714286
China,CHN,"Feb 13, 2020",1368,254,23,114.85714285714286
China,CHN,"Feb 14, 2020",1381,13,24,106.28571428571429
China,CHN,"Feb 15, 2020",1524,143,25,114.42857142857143
China,CHN,"Feb 16, 2020",1666,142,26,122.0
China,CHN,"Feb 17, 2020",1771,105,27,123.14285714285714
China,CHN,"Feb 18, 2020",1869,98,28,121.71428571428571
China,CHN,"Feb 19, 2020",2008,139,29,127.71428571428571
China,CHN,"Feb 20, 2020",2120,112,30,107.42857142857143
China,CHN,"Feb 21, 2020",2238,118,31,122.42857142857143
China,CHN,"Feb 22, 2020",2347,109,32,117.57142857142857
China,CHN,"Feb 23, 2020",2445,98,33,111.28571428571429
China,CHN,"Feb 24, 2020",2595,150,34,117.71428571428571
China,CHN,"Feb 25, 2020",2665,70,35,113.71428571428571
China,CHN,"Feb 26, 2020",2717,52,36,101.28571428571429
China,CHN,"Feb 27, 2020",2746,29,37,89.42857142857143
China,CHN,"Feb 28, 2020",2790,44,38,78.85714285714286
China,CHN,"Feb 29, 2020",2837,47,39,70.0
China,CHN,"Mar 1, 2020",2872,35,40,61.0
China,CHN,"Mar 2, 2020",2914,42,41,45.57142857142857
China,CHN,"Mar 3, 2020",2946,32,42,40.142857142857146
China,CHN,"Mar 4, 2020",2983,37,43,38.0
China,CHN,"Mar 5, 2020",3014,31,44,38.285714285714285
China,CHN,"Mar 6, 2020",3044,30,45,36.285714285714285
China,CHN,"Mar 7, 2020",3072,28,46,33.57142857142857
China,CHN,"Mar 8, 2020",3099,27,47,32.42857142857143
China,CHN,"Mar 9, 2020",3122,23,48,29.714285714285715
China,CHN,"Mar 10, 2020",3139,17,49,27.571428571428573
China,CHN,"Mar 11, 2020",3161,22,50,25.428571428571427
China,CHN,"Mar 12, 2020",3172,11,51,22.571428571428573
China,CHN,"Mar 13, 2020",3179,7,52,19.285714285714285
China,CHN,"Mar 14, 2020",3194,15,53,17.428571428571427
China,CHN,"Mar 15, 2020",3203,9,54,14.857142857142858
China,CHN,"Mar 16, 2020",3216,13,55,13.428571428571429
China,CHN,"Mar 17, 2020",3225,9,56,12.285714285714286
China,CHN,"Mar 18, 2020",3241,16,57,11.428571428571429
China,CHN,"Mar 19, 2020",3249,8,58,11.0
China,CHN,"Mar 20, 2020",3253,4,59,10.571428571428571
China,CHN,"Mar 21, 2020",3259,6,60,9.285714285714286
China,CHN,"Mar 22, 2020",3265,6,61,8.857142857142858
China,CHN,"Mar 23, 2020",3274,9,62,8.285714285714286
China,CHN,"Mar 24, 2020",3281,7,63,8.0
China,CHN,"Mar 25, 2020",3285,4,64,6.285714285714286
China,CHN,"Mar 26, 2020",3291,6,65,6.0
China,CHN,"Mar 27, 2020",3296,5,66,6.142857142857143
China,CHN,"Mar 28, 2020",3299,3,67,5.714285714285714
China,CHN,"Mar 29, 2020",3304,5,68,5.571428571428571
China,CHN,"Mar 30, 2020",3306,2,69,4.571428571428571
China,CHN,"Mar 31, 2020",3309,3,70,4.0
China,CHN,"Apr 1, 2020",3310,1,71,3.5714285714285716
China,CHN,"Apr 2, 2020",3316,6,72,3.5714285714285716
China,CHN,"Apr 3, 2020",3326,10,73,4.285714285714286
China,CHN,"Apr 4, 2020",3330,4,74,4.428571428571429
Colombia,COL,"Mar 30, 2020",10,4,0,4.285714285714286
Colombia,COL,"Mar 31, 2020",14,4,1,4.571428571428571
Colombia,COL,"Apr 1, 2020",16,2,2,4.428571428571429
Colombia,COL,"Apr 2, 2020",17,1,3,4.428571428571429
Colombia,COL,"Apr 3, 2020",19,2,4,3.857142857142857
Colombia,COL,"Apr 4, 2020",25,6,5,3.2857142857142856
Cyprus,CYP,"Mar 25, 2020",3,3,0,3.142857142857143
Cyprus,CYP,"Mar 26, 2020",3,0,1,2.5714285714285716
Cyprus,CYP,"Mar 27, 2020",3,0,2,2.0
Cyprus,CYP,"Mar 28, 2020",5,2,3,2.0
Cyprus,CYP,"Mar 29, 2020",5,0,4,1.8571428571428572
Cyprus,CYP,"Mar 30, 2020",6,1,5,1.7142857142857142
Cyprus,CYP,"Mar 31, 2020",7,1,6,1.0
Cyprus,CYP,"Apr 1, 2020",8,1,7,0.7142857142857143
Cyprus,CYP,"Apr 2, 2020",9,1,8,0.8571428571428571
Cyprus,CYP,"Apr 3, 2020",9,0,9,0.8571428571428571
Cyprus,CYP,"Apr 4, 2020",11,2,10,0.8571428571428571
Czech Republic,CZE,"Mar 26, 2020",6,3,0,1.2857142857142858
Czech Republic,CZE,"Mar 27, 2020",9,3,1,1.5714285714285714
Czech Republic,CZE,"Mar 28, 2020",9,0,2,1.4285714285714286
Czech Republic,CZE,"Mar 29, 2020",11,2,3,1.5714285714285714
Czech Republic,CZE,"Mar 30, 2020",16,5,4,2.142857142857143
Czech Republic,CZE,"Mar 31, 2020",24,8,5,3.2857142857142856
Czech Republic,CZE,"Apr 1, 2020",31,7,6,4.0
Czech Republic,CZE,"Apr 2, 2020",39,8,7,4.714285714285714
Czech Republic,CZE,"Apr 3, 2020",44,5,8,5.0
Czech Republic,CZE,"Apr 4, 2020",53,9,9,6.285714285714286
Democratic Republic of Congo,COD,"Apr 2, 2020",11,3,0,6.428571428571429
Democratic Republic of Congo,COD,"Apr 3, 2020",11,0,1,5.714285714285714
Democratic Republic of Congo,COD,"Apr 4, 2020",13,2,2,4.857142857142857
Denmark,DNK,"Mar 18, 2020",4,3,0,4.285714285714286
Denmark,DNK,"Mar 19, 2020",4,0,1,3.142857142857143
Denmark,DNK,"Mar 20, 2020",6,2,2,2.7142857142857144
Denmark,DNK,"Mar 21, 2020",9,3,3,1.8571428571428572
Denmark,DNK,"Mar 22, 2020",13,4,4,2.0
Denmark,DNK,"Mar 23, 2020",13,0,5,2.0
Denmark,DNK,"Mar 24, 2020",24,11,6,3.2857142857142856
Denmark,DNK,"Mar 25, 2020",32,8,7,4.0
Denmark,DNK,"Mar 26, 2020",34,2,8,4.285714285714286
Denmark,DNK,"Mar 27, 2020",41,7,9,5.0
Denmark,DNK,"Mar 28, 2020",52,11,10,6.142857142857143
Denmark,DNK,"Mar 29, 2020",65,13,11,7.428571428571429
Denmark,DNK,"Mar 30, 2020",72,7,12,8.428571428571429
Denmark,DNK,"Mar 31, 2020",77,5,13,7.571428571428571
Denmark,DNK,"Apr 1, 2020",90,13,14,8.285714285714286
Denmark,DNK,"Apr 2, 2020",104,14,15,10.0
Denmark,DNK,"Apr 3, 2020",123,19,16,11.714285714285714
Denmark,DNK,"Apr 4, 2020",139,16,17,12.428571428571429
Dominican Republic,DOM,"Mar 25, 2020",6,3,0,11.0
Dominican Republic,DOM,"Mar 26, 2020",10,4,1,10.571428571428571
Dominican Republic,DOM,"Mar 27, 2020",10,0,2,9.857142857142858
Dominican Republic,DOM,"Mar 28, 2020",20,10,3,9.428571428571429
Dominican Republic,DOM,"Mar 29, 2020",28,8,4,8.571428571428571
Dominican Republic,DOM,"Mar 30, 2020",39,11,5,7.428571428571429
Dominican Republic,DOM,"Mar 31, 2020",42,3,6,5.571428571428571
Dominican Republic,DOM,"Apr 1, 2020",51,9,7,6.428571428571429
Dominican Republic,DOM,"Apr 2, 2020",57,6,8,6.714285714285714
Dominican Republic,DOM,"Apr 3, 2020",60,3,9,7.142857142857143
Dominican Republic,DOM,"Apr 4, 2020",68,8,10,6.857142857142857
Ecuador,ECU,"Mar 21, 2020",7,4,0,6.285714285714286
Ecuador,ECU,"Mar 22, 2020",7,0,1,4.714285714285714
Ecuador,ECU,"Mar 23, 2020",14,7,2,5.285714285714286
Ecuador,ECU,"Mar 24, 2020",18,4,3,4.571428571428571
Ecuador,ECU,"Mar 25, 2020",27,9,4,5.0
Ecuador,ECU,"Mar 26, 2020",29,2,5,4.857142857142857
Ecuador,ECU,"Mar 27, 2020",34,5,6,4.428571428571429
Ecuador,ECU,"Mar 28, 2020",41,7,7,4.857142857142857
Ecuador,ECU,"Mar 29, 2020",48,7,8,5.857142857142857
Ecuador,ECU,"Mar 30, 2020",58,10,9,6.285714285714286
Ecuador,ECU,"Mar 31, 2020",62,4,10,6.285714285714286
Ecuador,ECU,"Apr 1, 2020",79,17,11,7.428571428571429
Ecuador,ECU,"Apr 2, 2020",120,41,12,13.0
Ecuador,ECU,"Apr 3, 2020",120,0,13,12.285714285714286
Ecuador,ECU,"Apr 4, 2020",145,25,14,14.857142857142858
Egypt,EGY,"Mar 24, 2020",14,4,0,14.428571428571429
Egypt,EGY,"Mar 25, 2020",19,5,1,13.714285714285714
Egypt,EGY,"Mar 26, 2020",21,2,2,13.428571428571429
Egypt,EGY,"Mar 27, 2020",21,0,3,11.0
Egypt,EGY,"Mar 28, 2020",24,3,4,5.571428571428571
Egypt,EGY,"Mar 29, 2020",30,6,5,6.428571428571429
Egypt,EGY,"Mar 30, 2020",36,6,6,3.7142857142857144
Egypt,EGY,"Mar 31, 2020",40,4,7,3.7142857142857144
Egypt,EGY,"Apr 1, 2020",41,1,8,3.142857142857143
Egypt,EGY,"Apr 2, 2020",46,5,9,3.5714285714285716
Egypt,EGY,"Apr 3, 2020",52,6,10,4.428571428571429
Egypt,EGY,"Apr 4, 2020",52,0,11,4.0
Estonia,EST,"Apr 3, 2020",11,6,0,4.0
Estonia,EST,"Apr 4, 2020",12,1,1,3.2857142857142856
Finland,FIN,"Mar 28, 2020",7,3,0,3.142857142857143
Finland,FIN,"Mar 29, 2020",9,2,1,3.2857142857142856
Finland,FIN,"Mar 30, 2020",11,2,2,2.857142857142857
Finland,FIN,"Mar 31, 2020",13,2,3,2.2857142857142856
Finland,FIN,"Apr 1, 2020",17,4,4,2.857142857142857
Finland,FIN,"Apr 2, 2020",17,0,5,2.0
Finland,FIN,"Apr 3, 2020",19,2,6,2.142857142857143
Finland,FIN,"Apr 4, 2020",20,1,7,1.8571428571428572
France,FRA,"Mar 6, 2020",7,3,0,2.0
France,FRA,"Mar 7, 2020",9,2,1,2.0
France,FRA,"Mar 8, 2020",10,1,2,1.8571428571428572
France,FRA,"Mar 9, 2020",19,9,3,2.5714285714285716
France,FRA,"Mar 10, 2020",30,11,4,4.142857142857143
France,FRA,"Mar 11, 2020",33,3,5,4.285714285714286
France,FRA,"Mar 12, 2020",48,15,6,6.285714285714286
France,FRA,"Mar 13, 2020",61,13,7,7.714285714285714
France,FRA,"Mar 14, 2020",79,18,8,10.0
France,FRA,"Mar 15, 2020",91,12,9,11.571428571428571
France,FRA,"Mar 16, 2020",127,36,10,15.428571428571429
France,FRA,"Mar 17, 2020",148,21,11,16.857142857142858
France,FRA,"Mar 18, 2020",175,27,12,20.285714285714285
France,FRA,"Mar 19, 2020",244,69,13,28.0
France,FRA,"Mar 20, 2020",372,128,14,44.42857142857143
France,FRA,"Mar 21, 2020",450,78,15,53.0
France,FRA,"Mar 22, 2020",562,112,16,67.28571428571429
France,FRA,"Mar 23, 2020",674,112,17,78.14285714285714
France,FRA,"Mar 24, 2020",860,186,18,101.71428571428571
France,FRA,"Mar 25, 2020",1100,240,19,132.14285714285714
France,FRA,"Mar 26, 2020",1331,231,20,155.28571428571428
France,FRA,"Mar 27, 2020",1696,365,21,189.14285714285714
France,FRA,"Mar 28, 2020",1995,299,22,220.71428571428572
France,FRA,"Mar 29, 2020",2314,319,23,250.28571428571428
France,FRA,"Mar 30, 2020",2606,292,24,276.0
France,FRA,"Mar 31, 2020",3024,418,25,309.14285714285717
France,FRA,"Apr 1, 2020",3523,499,26,346.14285714285717
France,FRA,"Apr 2, 2020",4032,509,27,385.85714285714283
France,FRA,"Apr 3, 2020",4503,471,28,401.0
Germany,DEU,"Mar 15, 2020",8,3,0,358.7142857142857
Germany,DEU,"Mar 16, 2020",12,4,1,313.7142857142857
Germany,DEU,"Mar 17, 2020",13,1,2,272.14285714285717
Germany,DEU,"Mar 18, 2020",13,0,3,212.42857142857142
Germany,DEU,"Mar 19, 2020",13,0,4,141.14285714285714
Germany,DEU,"Mar 20, 2020",43,30,5,72.71428571428571
Germany,DEU,"Mar 21, 2020",45,2,6,5.714285714285714
Germany,DEU,"Mar 22, 2020",67,22,7,8.428571428571429
Germany,DEU,"Mar 23, 2020",94,27,8,11.714285714285714
Germany,DEU,"Mar 24, 2020",126,32,9,16.142857142857142
Germany,DEU,"Mar 25, 2020",149,23,10,19.428571428571427
Germany,DEU,"Mar 26, 2020",198,49,11,26.428571428571427
Germany,DEU,"Mar 27, 2020",253,55,12,30.0
Germany,DEU,"Mar 28, 2020",325,72,13,40.0
Germany,DEU,"Mar 29, 2020",389,64,14,46.0
Germany,DEU,"Mar 30, 2020",455,66,15,51.57142857142857
Germany,DEU,"Mar 31, 2020",583,128,16,65.28571428571429
Germany,DEU,"Apr 1, 2020",732,149,17,83.28571428571429
Germany,DEU,"Apr 2, 2020",872,140,18,96.28571428571429
Germany,DEU,"Apr 3, 2020",872,0,19,88.42857142857143
Germany,DEU,"Apr 4, 2020",1017,145,20,98.85714285714286
Greece,GRC,"Mar 21, 2020",8,3,0,90.14285714285714
Greece,GRC,"Mar 22, 2020",13,5,1,81.42857142857143
Greece,GRC,"Mar 23, 2020",15,2,2,63.42857142857143
Greece,GRC,"Mar 24, 2020",17,2,3,42.42857142857143
Greece,GRC,"Mar 25, 2020",20,3,4,22.857142857142858
Greece,GRC,"Mar 26, 2020",22,2,5,23.142857142857142
Greece,GRC,"Mar 27, 2020",26,4,6,3.0
Greece,GRC,"Mar 28, 2020",28,2,7,2.857142857142857
Greece,GRC,"Mar 29, 2020",32,4,8,2.7142857142857144
Greece,GRC,"Mar 30, 2020",38,6,9,3.2857142857142856
Greece,GRC,"Mar 31, 2020",43,5,10,3.7142857142857144
Greece,GRC,"Apr 1, 2020",49,6,11,4.142857142857143
Greece,GRC,"Apr 2, 2020",50,1,12,4.0
Greece,GRC,"Apr 3, 2020",53,3,13,3.857142857142857
Greece,GRC,"Apr 4, 2020",59,6,14,4.428571428571429
Honduras,HND,"Mar 31, 2020",7,4,0,4.428571428571429
Honduras,HND,"Apr 1, 2020",10,3,1,4.0
Honduras,HND,"Apr 2, 2020",14,4,2,3.857142857142857
Honduras,HND,"Apr 3, 2020",15,1,3,3.142857142857143
Honduras,HND,"Apr 4, 2020",15,0,4,3.0
Hungary,HUN,"Mar 21, 2020",4,3,0,3.0
Hungary,HUN,"Mar 22, 2020",4,0,1,2.142857142857143
Hungary,HUN,"Mar 23, 2020",7,3,2,2.0
Hungary,HUN,"Mar 24, 2020",8,1,3,1.7142857142857142
Hungary,HUN,"Mar 25, 2020",10,2,4,1.4285714285714286
Hungary,HUN,"Mar 26, 2020",10,0,5,1.2857142857142858
Hungary,HUN,"Mar 27, 2020",10,0,6,1.2857142857142858
Hungary,HUN,"Mar 28, 2020",11,1,7,1.0
Hungary,HUN,"Mar 29, 2020",13,2,8,1.2857142857142858
Hungary,HUN,"Mar 30, 2020",15,2,9,1.1428571428571428
Hungary,HUN,"Mar 31, 2020",15,0,10,1.0
Hungary,HUN,"Apr 1, 2020",16,1,11,0.8571428571428571
Hungary,HUN,"Apr 2, 2020",20,4,12,1.4285714285714286
Hungary,HUN,"Apr 3, 2020",21,1,13,1.5714285714285714
Hungary,HUN,"Apr 4, 2020",32,11,14,3.0
India,IND,"Mar 23, 2020",7,3,0,3.142857142857143
India,IND,"Mar 24, 2020",9,2,1,3.142857142857143
India,IND,"Mar 25, 2020",9,0,2,3.142857142857143
India,IND,"Mar 26, 2020",13,4,3,3.5714285714285716
India,IND,"Mar 27, 2020",17,4,4,3.5714285714285716
India,IND,"Mar 28, 2020",19,2,5,3.7142857142857144
India,IND,"Mar 29, 2020",25,6,6,3.0
India,IND,"Mar 30, 2020",29,4,7,3.142857142857143
India,IND,"Mar 31, 2020",32,3,8,3.2857142857142856
India,IND,"Apr 1, 2020",35,3,9,3.7142857142857144
India,IND,"Apr 2, 2020",50,15,10,5.285714285714286
India,IND,"Apr 3, 2020",56,6,11,5.571428571428571
India,IND,"Apr 4, 2020",68,12,12,7.0
Indonesia,IDN,"Mar 14, 2020",4,3,0,6.571428571428571
Indonesia,IDN,"Mar 15, 2020",4,0,1,6.0
Indonesia,IDN,"Mar 16, 2020",5,1,2,5.714285714285714
Indonesia,IDN,"Mar 17, 2020",5,0,3,5.285714285714286
Indonesia,IDN,"Mar 18, 2020",5,0,4,3.142857142857143
Indonesia,IDN,"Mar 19, 2020",5,0,5,2.2857142857142856
Indonesia,IDN,"Mar 20, 2020",19,14,6,2.5714285714285716
Indonesia,IDN,"Mar 21, 2020",25,6,7,3.0
Indonesia,IDN,"Mar 22, 2020",38,13,8,4.857142857142857
Indonesia,IDN,"Mar 23, 2020",48,10,9,6.142857142857143
Indonesia,IDN,"Mar 24, 2020",49,1,10,6.285714285714286
Indonesia,IDN,"Mar 25, 2020",55,6,11,7.142857142857143
Indonesia,IDN,"Mar 26, 2020",58,3,12,7.571428571428571
Indonesia,IDN,"Mar 27, 2020",78,20,13,8.428571428571429
Indonesia,IDN,"Mar 28, 2020",87,9,14,8.857142857142858
Indonesia,IDN,"Mar 29, 2020",102,15,15,9.142857142857142
Indonesia,IDN,"Mar 30, 2020",114,12,16,9.428571428571429
Indonesia,IDN,"Mar 31, 2020",122,8,17,10.428571428571429
Indonesia,IDN,"Apr 1, 2020",136,14,18,11.571428571428571
Indonesia,IDN,"Apr 2, 2020",157,21,19,14.142857142857142
Indonesia,IDN,"Apr 3, 2020",170,13,20,13.142857142857142
Indonesia,IDN,"Apr 4, 2020",181,11,21,13.428571428571429
Iran,IRN,"Feb 24, 2020",8,3,0,11.714285714285714
Iran,IRN,"Feb 25, 2020",12,4,1,10.571428571428571
Iran,IRN,"Feb 26, 2020",15,3,2,9.857142857142858
Iran,IRN,"Feb 27, 2020",19,4,3,8.428571428571429
Iran,IRN,"Feb 28, 2020",26,7,4,6.428571428571429
Iran,IRN,"Feb 29, 2020",34,8,5,5.714285714285714
Iran,IRN,"Mar 1, 2020",43,9,6,5.428571428571429
Iran,IRN,"Mar 2, 2020",54,11,7,6.571428571428571
Iran,IRN,"Mar 3, 2020",66,12,8,7.714285714285714
Iran,IRN,"Mar 4, 2020",77,11,9,8.857142857142858
Iran,IRN,"Mar 5, 2020",92,15,10,10.428571428571429
Iran,IRN,"Mar 6, 2020",107,15,11,11.571428571428571
Iran,IRN,"Mar 7, 2020",124,17,12,12.857142857142858
Iran,IRN,"Mar 8, 2020",145,21,13,14.571428571428571
Iran,IRN,"Mar 9, 2020",194,49,14,20.0
Iran,IRN,"Mar 10, 2020",237,43,15,24.428571428571427
Iran,IRN,"Mar 11, 2020",291,54,16,30.571428571428573
Iran,IRN,"Mar 12, 2020",354,63,17,37.42857142857143
Iran,IRN,"Mar 13, 2020",429,75,18,46.0
Iran,IRN,"Mar 14, 2020",514,85,19,55.714285714285715
Iran,IRN,"Mar 15, 2020",611,97,20,66.57142857142857
Iran,IRN,"Mar 16, 2020",724,113,21,75.71428571428571
Iran,IRN,"Mar 17, 2020",853,129,22,88.0
Iran,IRN,"Mar 18, 2020",988,135,23,99.57142857142857
Iran,IRN,"Mar 19, 2020",1135,147,24,111.57142857142857
Iran,IRN,"Mar 20, 2020",1284,149,25,122.14285714285714
Iran,IRN,"Mar 21, 2020",1433,149,26,131.28571428571428
Iran,IRN,"Mar 22, 2020",1556,123,27,135.0
Iran,IRN,"Mar 23, 2020",1685,129,28,137.28571428571428
Iran,IRN,"Mar 24, 2020",1812,127,29,137.0
Iran,IRN,"Mar 25, 2020",1934,122,30,135.14285714285714
Iran,IRN,"Mar 26, 2020",2077,143,31,134.57142857142858
Iran,IRN,"Mar 27, 2020",2234,157,32,135.71428571428572
Iran,IRN,"Mar 28, 2020",2378,144,33,135.0
Iran,IRN,"Mar 29, 2020",2517,139,34,137.28571428571428
Iran,IRN,"Mar 30, 2020",2640,123,35,136.42857142857142
Iran,IRN,"Mar 31, 2020",2757,117,36,135.0
Iran,IRN,"Apr 1, 2020",2898,141,37,137.71428571428572
Iran,IRN,"Apr 2, 2020",3036,138,38,137.0
Iran,IRN,"Apr 3, 2020",3160,124,39,132.28571428571428
Iran,IRN,"Apr 4, 2020",3160,0,40,111.71428571428571
Iraq,IRQ,"Mar 9, 2020",6,4,0,92.42857142857143
Iraq,IRQ,"Mar 11, 2020",6,0,1,74.85714285714286
Iraq,IRQ,"Mar 12, 2020",8,2,2,58.42857142857143
Iraq,IRQ,"Mar 13, 2020",8,0,3,38.285714285714285
Iraq,IRQ,"Mar 14, 2020",9,1,4,18.714285714285715
Iraq,IRQ,"Mar 15, 2020",9,0,5,1.0
Iraq,IRQ,"Mar 16, 2020",9,0,6,1.0
Iraq,IRQ,"Mar 17, 2020",9,0,7,0.42857142857142855
Iraq,IRQ,"Mar 18, 2020",11,2,8,0.7142857142857143
Iraq,IRQ,"Mar 19, 2020",12,1,9,0.5714285714285714
Iraq,IRQ,"Mar 20, 2020",12,0,10,0.5714285714285714
Iraq,IRQ,"Mar 21, 2020",14,2,11,0.7142857142857143
Iraq,IRQ,"Mar 22, 2020",17,3,12,1.1428571428571428
Iraq,IRQ,"Mar 23, 2020",20,3,13,1.5714285714285714
Iraq,IRQ,"Mar 24, 2020",23,3,14,2.0
Iraq,IRQ,"Mar 25, 2020",27,4,15,2.2857142857142856
Iraq,IRQ,"Mar 26, 2020",29,2,16,2.4285714285714284
Iraq,IRQ,"Mar 27, 2020",36,7,17,3.4285714285714284
Iraq,IRQ,"Mar 28, 2020",40,4,18,3.7142857142857144
Iraq,IRQ,"Mar 29, 2020",42,2,19,3.5714285714285716
Iraq,IRQ,"Mar 30, 2020",42,0,20,3.142857142857143
Iraq,IRQ,"Mar 31, 2020",46,4,21,3.2857142857142856
Iraq,IRQ,"Apr 1, 2020",50,4,22,3.2857142857142856
Iraq,IRQ,"Apr 2, 2020",50,0,23,3.0
Iraq,IRQ,"Apr 3, 2020",54,4,24,2.5714285714285716
Iraq,IRQ,"Apr 4, 2020",54,0,25,2.0
Ireland,IRL,"Mar 27, 2020",19,10,0,3.142857142857143
Ireland,IRL,"Mar 28, 2020",22,3,1,3.5714285714285716
Ireland,IRL,"Mar 29, 2020",36,14,2,5.0
Ireland,IRL,"Mar 30, 2020",46,10,3,5.857142857142857
Ireland,IRL,"Mar 31, 2020",54,8,4,7.0
Ireland,IRL,"Apr 1, 2020",71,17,5,8.857142857142858
Ireland,IRL,"Apr 2, 2020",85,14,6,10.857142857142858
Ireland,IRL,"Apr 3, 2020",98,13,7,11.285714285714286
Ireland,IRL,"Apr 4, 2020",120,22,8,14.0
Israel,ISR,"Mar 27, 2020",8,3,0,12.428571428571429
Israel,ISR,"Mar 28, 2020",10,2,1,11.285714285714286
Israel,ISR,"Mar 29, 2020",12,2,2,10.428571428571429
Israel,ISR,"Mar 30, 2020",15,3,3,8.428571428571429
Israel,ISR,"Mar 31, 2020",17,2,4,6.714285714285714
Israel,ISR,"Apr 1, 2020",20,3,5,5.285714285714286
Israel,ISR,"Apr 2, 2020",21,1,6,2.2857142857142856
Israel,ISR,"Apr 3, 2020",34,13,7,3.7142857142857144
Israel,ISR,"Apr 4, 2020",39,5,8,4.142857142857143
Italy,ITA,"Feb 25, 2020",6,4,0,4.428571428571429
Italy,ITA,"Feb 26, 2020",11,5,1,4.714285714285714
Italy,ITA,"Feb 27, 2020",12,1,2,4.571428571428571
Italy,ITA,"Feb 28, 2020",17,5,3,4.857142857142857
Italy,ITA,"Feb 29, 2020",21,4,4,5.285714285714286
Italy,ITA,"Mar 1, 2020",29,8,5,4.571428571428571
Italy,ITA,"Mar 2, 2020",35,6,6,4.714285714285714
Italy,ITA,"Mar 3, 2020",52,17,7,6.571428571428571
Italy,ITA,"Mar 4, 2020",80,28,8,9.857142857142858
Italy,ITA,"Mar 5, 2020",107,27,9,13.571428571428571
Italy,ITA,"Mar 6, 2020",148,41,10,18.714285714285715
Italy,ITA,"Mar 7, 2020",197,49,11,25.142857142857142
Italy,ITA,"Mar 8, 2020",233,36,12,29.142857142857142
Italy,ITA,"Mar 9, 2020",366,133,13,47.285714285714285
Italy,ITA,"Mar 10, 2020",464,98,14,58.857142857142854
Italy,ITA,"Mar 11, 2020",631,167,15,78.71428571428571
Italy,ITA,"Mar 12, 2020",827,196,16,102.85714285714286
Italy,ITA,"Mar 13, 2020",1016,189,17,124.0
Italy,ITA,"Mar 14, 2020",1268,252,18,153.0
Italy,ITA,"Mar 15, 2020",1441,173,19,172.57142857142858
Italy,ITA,"Mar 16, 2020",1811,370,20,206.42857142857142
Italy,ITA,"Mar 17, 2020",2158,347,21,242.0
Italy,ITA,"Mar 18, 2020",2505,347,22,267.7142857142857
Italy,ITA,"Mar 19, 2020",2978,473,23,307.2857142857143
Italy,ITA,"Mar 20, 2020",3407,429,24,341.57142857142856
Italy,ITA,"Mar 21, 2020",4032,625,25,394.85714285714283
Italy,ITA,"Mar 22, 2020",4827,795,26,483.7142857142857
Italy,ITA,"Mar 23, 2020",5476,649,27,523.5714285714286
Italy,ITA,"Mar 24, 2020",6077,601,28,559.8571428571429
Italy,ITA,"Mar 25, 2020",6820,743,29,616.4285714285714
Italy,ITA,"Mar 26, 2020",7505,685,30,646.7142857142857
Italy,ITA,"Mar 27, 2020",8165,660,31,679.7142857142857
Italy,ITA,"Mar 28, 2020",9136,971,32,729.1428571428571
Italy,ITA,"Mar 29, 2020",10023,887,33,742.2857142857143
Italy,ITA,"Mar 30, 2020",10781,758,34,757.8571428571429
Italy,ITA,"Mar 31, 2020",11591,810,35,787.7142857142857
Italy,ITA,"Apr 1, 2020",12430,839,36,801.4285714285714
Italy,ITA,"Apr 2, 2020",13157,727,37,807.4285714285714
Italy,ITA,"Apr 3, 2020",13917,760,38,821.7142857142857
Italy,ITA,"Apr 4, 2020",14681,764,39,792.1428571428571
Japan,JPN,"Mar 11, 2020",12,3,0,665.8571428571429
Japan,JPN,"Mar 12, 2020",15,3,1,558.0
Japan,JPN,"Mar 13, 2020",19,4,2,442.85714285714283
Japan,JPN,"Mar 14, 2020",21,2,3,323.2857142857143
Japan,JPN,"Mar 15, 2020",22,1,4,219.57142857142858
Japan,JPN,"Mar 16, 2020",24,2,5,111.28571428571429
Japan,JPN,"Mar 17, 2020",28,4,6,2.7142857142857144
Japan,JPN,"Mar 18, 2020",28,0,7,2.2857142857142856
Japan,JPN,"Mar 19, 2020",29,1,8,2.0
Japan,JPN,"Mar 20, 2020",33,4,9,2.0
Japan,JPN,"Mar 21, 2020",35,2,10,2.0
Japan,JPN,"Mar 22, 2020",36,1,11,2.0
Japan,JPN,"Mar 23, 2020",41,5,12,2.4285714285714284
Japan,JPN,"Mar 24, 2020",42,1,13,2.0
Japan,JPN,"Mar 25, 2020",43,1,14,2.142857142857143
Japan,JPN,"Mar 26, 2020",45,2,15,2.2857142857142856
Japan,JPN,"Mar 27, 2020",46,1,16,1.8571428571428572
Japan,JPN,"Mar 28, 2020",49,3,17,2.0
Japan,JPN,"Mar 29, 2020",52,3,18,2.2857142857142856
Japan,JPN,"Mar 30, 2020",54,2,19,1.8571428571428572
Japan,JPN,"Mar 31, 2020",56,2,20,2.0
Japan,JPN,"Apr 1, 2020",56,0,21,1.8571428571428572
Japan,JPN,"Apr 2, 2020",57,1,22,1.7142857142857142
Japan,JPN,"Apr 3, 2020",63,6,23,2.4285714285714284
Japan,JPN,"Apr 4, 2020",69,6,24,2.857142857142857
Jordan,JOR,"Mar 31, 2020",5,4,0,3.0
Jordan,JOR,"Apr 1, 2020",5,0,1,2.7142857142857144
Jordan,JOR,"Apr 2, 2020",5,0,2,2.4285714285714284
Jordan,JOR,"Apr 3, 2020",5,0,3,2.4285714285714284
Jordan,JOR,"Apr 4, 2020",5,0,4,2.2857142857142856
Lebanon,LBN,"Apr 3, 2020",16,4,0,2.0
Lebanon,LBN,"Apr 4, 2020",16,0,1,1.1428571428571428
Luxembourg,LUX,"Mar 22, 2020",8,3,0,1.0
Luxembourg,LUX,"Mar 23, 2020",8,0,1,1.0
Luxembourg,LUX,"Mar 24, 2020",8,0,2,1.0
Luxembourg,LUX,"Mar 25, 2020",8,0,3,1.0
Luxembourg,LUX,"Mar 26, 2020",8,0,4,1.0
Luxembourg,LUX,"Mar 27, 2020",9,1,5,0.5714285714285714
Luxembourg,LUX,"Mar 28, 2020",15,6,6,1.4285714285714286
Luxembourg,LUX,"Mar 29, 2020",18,3,7,1.4285714285714286
Luxembourg,LUX,"Mar 30, 2020",21,3,8,1.8571428571428572
Luxembourg,LUX,"Mar 31, 2020",22,1,9,2.0
Luxembourg,LUX,"Apr 1, 2020",23,1,10,2.142857142857143
Luxembourg,LUX,"Apr 2, 2020",29,6,11,3.0
Luxembourg,LUX,"Apr 3, 2020",30,1,12,3.0
Luxembourg,LUX,"Apr 4, 2020",31,1,13,2.2857142857142856
Malaysia,MYS,"Mar 23, 2020",10,6,0,2.7142857142857144
Malaysia,MYS,"Mar 24, 2020",14,4,1,2.857142857142857
Malaysia,MYS,"Mar 25, 2020",15,1,2,2.857142857142857
Malaysia,MYS,"Mar 26, 2020",19,4,3,3.2857142857142856
Malaysia,MYS,"Mar 27, 2020",23,4,4,3.0
Malaysia,MYS,"Mar 28, 2020",26,3,5,3.2857142857142856
Malaysia,MYS,"Mar 29, 2020",27,1,6,3.2857142857142856
Malaysia,MYS,"Mar 30, 2020",34,7,7,3.4285714285714284
Malaysia,MYS,"Mar 31, 2020",37,3,8,3.2857142857142856
Malaysia,MYS,"Apr 1, 2020",37,0,9,3.142857142857143
Malaysia,MYS,"Apr 2, 2020",45,8,10,3.7142857142857144
Malaysia,MYS,"Apr 3, 2020",50,5,11,3.857142857142857
Malaysia,MYS,"Apr 4, 2020",53,3,12,3.857142857142857
Mexico,MEX,"Mar 27, 2020",8,3,0,4.142857142857143
Mexico,MEX,"Mar 28, 2020",12,4,1,3.7142857142857144
Mexico,MEX,"Mar 29, 2020",16,4,2,3.857142857142857
Mexico,MEX,"Mar 30, 2020",20,4,3,4.428571428571429
Mexico,MEX,"Mar 31, 2020",28,8,4,4.428571428571429
Mexico,MEX,"Apr 1, 2020",29,1,5,3.857142857142857
Mexico,MEX,"Apr 2, 2020",37,8,6,4.571428571428571
Mexico,MEX,"Apr 3, 2020",37,0,7,4.142857142857143
Mexico,MEX,"Apr 4, 2020",60,23,8,6.857142857142857
Morocco,MAR,"Mar 27, 2020",10,4,0,6.857142857142857
Morocco,MAR,"Mar 28, 2020",23,13,1,8.142857142857142
Morocco,MAR,"Mar 29, 2020",23,0,2,7.0
Morocco,MAR,"Mar 30, 2020",26,3,3,7.285714285714286
Morocco,MAR,"Mar 31, 2020",33,7,4,7.142857142857143
Morocco,MAR,"Apr 1, 2020",36,3,5,7.571428571428571
Morocco,MAR,"Apr 2, 2020",39,3,6,4.714285714285714
Morocco,MAR,"Apr 3, 2020",44,5,7,4.857142857142857
Morocco,MAR,"Apr 4, 2020",44,0,8,3.0
Netherlands,NLD,"Mar 15, 2020",12,7,0,4.0
Netherlands,NLD,"Mar 16, 2020",20,8,1,4.714285714285714
Netherlands,NLD,"Mar 17, 2020",24,4,2,4.285714285714286
Netherlands,NLD,"Mar 18, 2020",43,19,3,6.571428571428571
Netherlands,NLD,"Mar 19, 2020",58,15,4,8.285714285714286
Netherlands,NLD,"Mar 20, 2020",76,18,5,10.142857142857142
Netherlands,NLD,"Mar 21, 2020",106,30,6,14.428571428571429
Netherlands,NLD,"Mar 22, 2020",136,30,7,17.714285714285715
Netherlands,NLD,"Mar 23, 2020",179,43,8,22.714285714285715
Netherlands,NLD,"Mar 24, 2020",213,34,9,27.0
Netherlands,NLD,"Mar 25, 2020",276,63,10,33.285714285714285
Netherlands,NLD,"Mar 26, 2020",356,80,11,42.57142857142857
Netherlands,NLD,"Mar 27, 2020",434,78,12,51.142857142857146
Netherlands,NLD,"Mar 28, 2020",546,112,13,62.857142857142854
Netherlands,NLD,"Mar 29, 2020",639,93,14,71.85714285714286
Netherlands,NLD,"Mar 30, 2020",771,132,15,84.57142857142857
Netherlands,NLD,"Mar 31, 2020",864,93,16,93.0
Netherlands,NLD,"Apr 1, 2020",1039,175,17,109.0
Netherlands,NLD,"Apr 2, 2020",1173,134,18,116.71428571428571
Netherlands,NLD,"Apr 3, 2020",1339,166,19,129.28571428571428
Netherlands,NLD,"Apr 4, 2020",1487,148,20,134.42857142857142
Norway,NOR,"Mar 20, 2020",6,3,0,121.57142857142857
Norway,NOR,"Mar 21, 2020",7,1,1,102.85714285714286
Norway,NOR,"Mar 22, 2020",7,0,2,89.57142857142857
Norway,NOR,"Mar 23, 2020",7,0,3,64.57142857142857
Norway,NOR,"Mar 24, 2020",8,1,4,45.57142857142857
Norway,NOR,"Mar 25, 2020",10,2,5,22.142857142857142
Norway,NOR,"Mar 26, 2020",12,2,6,1.2857142857142858
Norway,NOR,"Mar 27, 2020",14,2,7,1.1428571428571428
Norway,NOR,"Mar 28, 2020",16,2,8,1.2857142857142858
Norway,NOR,"Mar 29, 2020",20,4,9,1.8571428571428572
Norway,NOR,"Mar 30, 2020",22,2,10,2.142857142857143
Norway,NOR,"Mar 31, 2020",26,4,11,2.5714285714285716
Norway,NOR,"Apr 1, 2020",28,2,12,2.5714285714285716
Norway,NOR,"Apr 2, 2020",32,4,13,2.857142857142857
Norway,NOR,"Apr 3, 2020",42,10,14,4.0
Norway,NOR,"Apr 4, 2020",44,2,15,4.0
Pakistan,PAK,"Mar 31, 2020",18,5,0,4.142857142857143
Pakistan,PAK,"Apr 1, 2020",26,8,1,5.0
Pakistan,PAK,"Apr 2, 2020",31,5,2,5.142857142857143
Pakistan,PAK,"Apr 3, 2020",31,0,3,4.857142857142857
Pakistan,PAK,"Apr 4, 2020",31,0,4,4.285714285714286
Panama,PAN,"Mar 24, 2020",6,3,0,3.2857142857142856
Panama,PAN,"Mar 25, 2020",6,0,1,3.0
Panama,PAN,"Mar 26, 2020",6,0,2,2.2857142857142856
Panama,PAN,"Mar 27, 2020",9,3,3,1.5714285714285714
Panama,PAN,"Mar 28, 2020",14,5,4,1.5714285714285714
Panama,PAN,"Mar 29, 2020",17,3,5,2.0
Panama,PAN,"Mar 30, 2020",24,7,6,3.0
Panama,PAN,"Mar 31, 2020",26,2,7,2.857142857142857
Panama,PAN,"Apr 1, 2020",30,4,8,3.4285714285714284
Panama,PAN,"Apr 2, 2020",32,2,9,3.7142857142857144
Panama,PAN,"Apr 3, 2020",37,5,10,4.0
Panama,PAN,"Apr 4, 2020",41,4,11,3.857142857142857
Peru,PER,"Mar 29, 2020",16,5,0,4.142857142857143
Peru,PER,"Mar 30, 2020",18,2,1,3.4285714285714284
Peru,PER,"Mar 31, 2020",24,6,2,4.0
Peru,PER,"Apr 1, 2020",30,6,3,4.285714285714286
Peru,PER,"Apr 2, 2020",47,17,4,6.428571428571429
Peru,PER,"Apr 3, 2020",55,8,5,6.857142857142857
Peru,PER,"Apr 4, 2020",61,6,6,7.142857142857143
Philippines,PHL,"Mar 14, 2020",6,4,0,7.0
Philippines,PHL,"Mar 15, 2020",6,0,1,6.714285714285714
Philippines,PHL,"Mar 16, 2020",12,6,2,6.714285714285714
Philippines,PHL,"Mar 17, 2020",12,0,3,5.857142857142857
Philippines,PHL,"Mar 18, 2020",14,2,4,3.7142857142857144
Philippines,PHL,"Mar 19, 2020",17,3,5,3.0
Philippines,PHL,"Mar 20, 2020",18,1,6,2.2857142857142856
Philippines,PHL,"Mar 21, 2020",18,0,7,1.7142857142857142
Philippines,PHL,"Mar 22, 2020",25,7,8,2.7142857142857144
Philippines,PHL,"Mar 23, 2020",25,0,9,1.8571428571428572
Philippines,PHL,"Mar 24, 2020",33,8,10,3.0
Philippines,PHL,"Mar 25, 2020",35,2,11,3.0
Philippines,PHL,"Mar 26, 2020",38,3,12,3.0
Philippines,PHL,"Mar 27, 2020",45,7,13,3.857142857142857
Philippines,PHL,"Mar 28, 2020",54,9,14,5.142857142857143
Philippines,PHL,"Mar 29, 2020",68,14,15,6.142857142857143
Philippines,PHL,"Mar 30, 2020",71,3,16,6.571428571428571
Philippines,PHL,"Mar 31, 2020",88,17,17,7.857142857142857
Philippines,PHL,"Apr 1, 2020",88,0,18,7.571428571428571
Philippines,PHL,"Apr 2, 2020",96,8,19,8.285714285714286
Philippines,PHL,"Apr 3, 2020",107,11,20,8.857142857142858
Philippines,PHL,"Apr 4, 2020",136,29,21,11.714285714285714
Poland,POL,"Mar 26, 2020",14,4,0,10.285714285714286
Poland,POL,"Mar 27, 2020",16,2,1,10.142857142857142
Poland,POL,"Mar 28, 2020",16,0,2,7.714285714285714
Poland,POL,"Mar 29, 2020",18,2,3,8.0
Poland,POL,"Mar 30, 2020",22,4,4,7.428571428571429
Poland,POL,"Mar 31, 2020",31,9,5,7.142857142857143
Poland,POL,"Apr 1, 2020",33,2,6,3.2857142857142856
Poland,POL,"Apr 2, 2020",43,10,7,4.142857142857143
Poland,POL,"Apr 3, 2020",57,14,8,5.857142857142857
Poland,POL,"Apr 4, 2020",71,14,9,7.857142857142857
Portugal,PRT,"Mar 21, 2020",6,3,0,8.0
Portugal,PRT,"Mar 22, 2020",12,6,1,8.285714285714286
Portugal,PRT,"Mar 23, 2020",14,2,2,7.285714285714286
Portugal,PRT,"Mar 24, 2020",23,9,3,8.285714285714286
Portugal,PRT,"Mar 25, 2020",33,10,4,8.285714285714286
Portugal,PRT,"Mar 26, 2020",43,10,5,7.714285714285714
Portugal,PRT,"Mar 27, 2020",60,17,6,8.142857142857142
Portugal,PRT,"Mar 28, 2020",76,16,7,10.0
Portugal,PRT,"Mar 29, 2020",100,24,8,12.571428571428571
Portugal,PRT,"Mar 30, 2020",119,19,9,15.0
Portugal,PRT,"Mar 31, 2020",140,21,10,16.714285714285715
Portugal,PRT,"Apr 1, 2020",160,20,11,18.142857142857142
Portugal,PRT,"Apr 2, 2020",187,27,12,20.571428571428573
Portugal,PRT,"Apr 3, 2020",209,22,13,21.285714285714285
Portugal,PRT,"Apr 4, 2020",246,37,14,24.285714285714285
Puerto Rico,PRI,"Apr 2, 2020",11,3,0,21.285714285714285
Puerto Rico,PRI,"Apr 3, 2020",12,1,1,18.714285714285715
Puerto Rico,PRI,"Apr 4, 2020",15,3,2,16.142857142857142
Romania,ROU,"Mar 24, 2020",7,5,0,14.0
Romania,ROU,"Mar 25, 2020",11,4,1,10.714285714285714
Romania,ROU,"Mar 26, 2020",13,2,2,7.857142857142857
Romania,ROU,"Mar 27, 2020",17,4,3,3.142857142857143
Romania,ROU,"Mar 28, 2020",24,7,4,3.7142857142857144
Romania,ROU,"Mar 29, 2020",29,5,5,4.285714285714286
Romania,ROU,"Mar 30, 2020",40,11,6,5.428571428571429
Romania,ROU,"Mar 31, 2020",44,4,7,5.285714285714286
Romania,ROU,"Apr 1, 2020",69,25,8,8.285714285714286
Romania,ROU,"Apr 2, 2020",85,16,9,10.285714285714286
Romania,ROU,"Apr 3, 2020",94,9,10,11.0
Romania,ROU,"Apr 4, 2020",133,39,11,15.571428571428571
Russia,RUS,"Mar 30, 2020",8,3,0,15.285714285714286
Russia,RUS,"Mar 31, 2020",10,2,1,14.0
Russia,RUS,"Apr 1, 2020",17,7,2,14.428571428571429
Russia,RUS,"Apr 2, 2020",24,7,3,11.857142857142858
Russia,RUS,"Apr 3, 2020",30,6,4,10.428571428571429
Russia,RUS,"Apr 4, 2020",34,4,5,9.714285714285714
San Marino,SMR,"Mar 19, 2020",14,3,0,4.571428571428571
San Marino,SMR,"Mar 20, 2020",14,0,1,4.142857142857143
San Marino,SMR,"Mar 21, 2020",14,0,2,3.857142857142857
San Marino,SMR,"Mar 22, 2020",20,6,3,3.7142857142857144
San Marino,SMR,"Mar 23, 2020",20,0,4,2.7142857142857144
San Marino,SMR,"Mar 24, 2020",20,0,5,1.8571428571428572
San Marino,SMR,"Mar 25, 2020",21,1,6,1.4285714285714286
San Marino,SMR,"Mar 26, 2020",21,0,7,1.0
San Marino,SMR,"Mar 27, 2020",21,0,8,1.0
San Marino,SMR,"Mar 28, 2020",21,0,9,1.0
San Marino,SMR,"Mar 29, 2020",22,1,10,0.2857142857142857
San Marino,SMR,"Mar 30, 2020",24,2,11,0.5714285714285714
San Marino,SMR,"Mar 31, 2020",25,1,12,0.7142857142857143
San Marino,SMR,"Apr 1, 2020",26,1,13,0.7142857142857143
San Marino,SMR,"Apr 2, 2020",26,0,14,0.7142857142857143
San Marino,SMR,"Apr 3, 2020",30,4,15,1.2857142857142858
San Marino,SMR,"Apr 4, 2020",32,2,16,1.5714285714285714
Saudi Arabia,SAU,"Mar 30, 2020",8,4,0,2.0
Saudi Arabia,SAU,"Mar 31, 2020",8,0,1,1.7142857142857142
Saudi Arabia,SAU,"Apr 1, 2020",10,2,2,1.8571428571428572
Saudi Arabia,SAU,"Apr 2, 2020",16,6,3,2.5714285714285716
Saudi Arabia,SAU,"Apr 3, 2020",21,5,4,3.2857142857142856
Saudi Arabia,SAU,"Apr 4, 2020",21,0,5,2.7142857142857144
Serbia,SRB,"Mar 28, 2020",6,3,0,2.857142857142857
Serbia,SRB,"Mar 29, 2020",10,4,1,2.857142857142857
Serbia,SRB,"Mar 30, 2020",13,3,2,3.2857142857142856
Serbia,SRB,"Mar 31, 2020",13,0,3,3.0
Serbia,SRB,"Apr 1, 2020",23,10,4,3.5714285714285716
Serbia,SRB,"Apr 2, 2020",23,0,5,2.857142857142857
Serbia,SRB,"Apr 3, 2020",31,8,6,4.0
Serbia,SRB,"Apr 4, 2020",39,8,7,4.714285714285714
Slovenia,SVN,"Mar 28, 2020",9,4,0,4.714285714285714
Slovenia,SVN,"Mar 29, 2020",9,0,1,4.285714285714286
Slovenia,SVN,"Mar 30, 2020",11,2,2,4.571428571428571
Slovenia,SVN,"Mar 31, 2020",11,0,3,3.142857142857143
Slovenia,SVN,"Apr 1, 2020",13,2,4,3.4285714285714284
Slovenia,SVN,"Apr 2, 2020",15,2,5,2.5714285714285716
Slovenia,SVN,"Apr 3, 2020",16,1,6,1.5714285714285714
Slovenia,SVN,"Apr 4, 2020",20,4,7,1.5714285714285714
South Korea,KOR,"Feb 23, 2020",5,3,0,2.0
South Korea,KOR,"Feb 24, 2020",7,2,1,2.0
South Korea,KOR,"Feb 25, 2020",8,1,2,2.142857142857143
South Korea,KOR,"Feb 26, 2020",11,3,3,2.2857142857142856
South Korea,KOR,"Feb 27, 2020",12,1,4,2.142857142857143
South Korea,KOR,"Feb 28, 2020",13,1,5,2.142857142857143
South Korea,KOR,"Feb 29, 2020",16,3,6,2.0
South Korea,KOR,"Mar 1, 2020",17,1,7,1.7142857142857142
South Korea,KOR,"Mar 2, 2020",22,5,8,2.142857142857143
South Korea,KOR,"Mar 3, 2020",28,6,9,2.857142857142857
South Korea,KOR,"Mar 4, 2020",32,4,10,3.0
South Korea,KOR,"Mar 5, 2020",35,3,11,3.2857142857142856
South Korea,KOR,"Mar 6, 2020",42,7,12,4.142857142857143
South Korea,KOR,"Mar 7, 2020",44,2,13,4.0
South Korea,KOR,"Mar 8, 2020",50,6,14,4.714285714285714
South Korea,KOR,"Mar 9, 2020",51,1,15,4.142857142857143
South Korea,KOR,"Mar 10, 2020",54,3,16,3.7142857142857144
South Korea,KOR,"Mar 11, 2020",60,6,17,4.0
South Korea,KOR,"Mar 12, 2020",66,6,18,4.428571428571429
South Korea,KOR,"Mar 13, 2020",67,1,19,3.5714285714285716
South Korea,KOR,"Mar 14, 2020",72,5,20,4.0
South Korea,KOR,"Mar 15, 2020",75,3,21,3.5714285714285716
South Korea,KOR,"Mar 16, 2020",75,0,22,3.4285714285714284
South Korea,KOR,"Mar 17, 2020",81,6,23,3.857142857142857
South Korea,KOR,"Mar 18, 2020",86,5,24,3.7142857142857144
South Korea,KOR,"Mar 19, 2020",91,5,25,3.5714285714285716
South Korea,KOR,"Mar 20, 2020",100,9,26,4.714285714285714
South Korea,KOR,"Mar 21, 2020",103,3,27,4.428571428571429
South Korea,KOR,"Mar 22, 2020",104,1,28,4.142857142857143
South Korea,KOR,"Mar 23, 2020",113,9,29,5.428571428571429
South Korea,KOR,"Mar 24, 2020",120,7,30,5.571428571428571
South Korea,KOR,"Mar 25, 2020",126,6,31,5.714285714285714
South Korea,KOR,"Mar 26, 2020",131,5,32,5.714285714285714
South Korea,KOR,"Mar 27, 2020",139,8,33,5.571428571428571
South Korea,KOR,"Mar 28, 2020",144,5,34,5.857142857142857
South Korea,KOR,"Mar 29, 2020",152,8,35,6.857142857142857
South Korea,KOR,"Mar 30, 2020",158,6,36,6.428571428571429
South Korea,KOR,"Mar 31, 2020",163,5,37,6.142857142857143
South Korea,KOR,"Apr 1, 2020",163,0,38,5.285714285714286
South Korea,KOR,"Apr 2, 2020",169,6,39,5.428571428571429
South Korea,KOR,"Apr 3, 2020",174,5,40,5.0
South Korea,KOR,"Apr 4, 2020",177,3,41,4.714285714285714
Spain,ESP,"Mar 10, 2020",28,23,0,6.857142857142857
Spain,ESP,"Mar 11, 2020",35,7,1,7.0
Spain,ESP,"Mar 12, 2020",47,12,2,8.0
Spain,ESP,"Mar 13, 2020",84,37,3,13.285714285714286
Spain,ESP,"Mar 14, 2020",121,37,4,17.714285714285715
Spain,ESP,"Mar 15, 2020",136,15,5,19.142857142857142
Spain,ESP,"Mar 16, 2020",288,152,6,40.42857142857143
Spain,ESP,"Mar 17, 2020",309,21,7,40.142857142857146
Spain,ESP,"Mar 18, 2020",491,182,8,65.14285714285714
Spain,ESP,"Mar 19, 2020",598,107,9,78.71428571428571
Spain,ESP,"Mar 20, 2020",767,169,10,97.57142857142857
Spain,ESP,"Mar 21, 2020",1002,235,11,125.85714285714286
Spain,ESP,"Mar 22, 2020",1326,324,12,170.0
Spain,ESP,"Mar 23, 2020",1720,394,13,204.57142857142858
Spain,ESP,"Mar 24, 2020",2182,462,14,267.57142857142856
Spain,ESP,"Mar 25, 2020",2696,514,15,315.0
Spain,ESP,"Mar 26, 2020",3434,738,16,405.14285714285717
Spain,ESP,"Mar 27, 2020",4089,655,17,474.57142857142856
Spain,ESP,"Mar 28, 2020",4858,769,18,550.8571428571429
Spain,ESP,"Mar 29, 2020",5690,832,19,623.4285714285714
Spain,ESP,"Mar 30, 2020",6528,838,20,686.8571428571429
Spain,ESP,"Mar 31, 2020",7340,812,21,736.8571428571429
Spain,ESP,"Apr 1, 2020",8189,849,22,784.7142857142857
Spain,ESP,"Apr 2, 2020",9053,864,23,802.7142857142857
Spain,ESP,"Apr 3, 2020",10003,950,24,844.8571428571429
Spain,ESP,"Apr 4, 2020",10935,932,25,868.1428571428571
Sweden,SWE,"Mar 17, 2020",7,4,0,749.8571428571429
Sweden,SWE,"Mar 18, 2020",8,1,1,630.2857142857143
Sweden,SWE,"Mar 19, 2020",10,2,2,514.5714285714286
Sweden,SWE,"Mar 20, 2020",10,0,3,393.2857142857143
Sweden,SWE,"Mar 21, 2020",16,6,4,270.7142857142857
Sweden,SWE,"Mar 22, 2020",20,4,5,135.57142857142858
Sweden,SWE,"Mar 23, 2020",21,1,6,2.5714285714285716
Sweden,SWE,"Mar 24, 2020",25,4,7,2.5714285714285716
Sweden,SWE,"Mar 25, 2020",36,11,8,4.0
Sweden,SWE,"Mar 26, 2020",42,6,9,4.571428571428571
Sweden,SWE,"Mar 27, 2020",66,24,10,8.0
Sweden,SWE,"Mar 28, 2020",92,26,11,10.857142857142858
Sweden,SWE,"Mar 29, 2020",102,10,12,11.714285714285714
Sweden,SWE,"Mar 30, 2020",110,8,13,12.714285714285714
Sweden,SWE,"Mar 31, 2020",146,36,14,17.285714285714285
Sweden,SWE,"Apr 1, 2020",180,34,15,20.571428571428573
Sweden,SWE,"Apr 2, 2020",239,59,16,28.142857142857142
Sweden,SWE,"Apr 3, 2020",282,43,17,30.857142857142858
Sweden,SWE,"Apr 4, 2020",333,51,18,34.42857142857143
Switzerland,CHE,"Mar 14, 2020",7,3,0,33.42857142857143
Switzerland,CHE,"Mar 15, 2020",11,4,1,32.857142857142854
Switzerland,CHE,"Mar 16, 2020",13,2,2,28.0
Switzerland,CHE,"Mar 17, 2020",14,1,3,23.285714285714285
Switzerland,CHE,"Mar 18, 2020",19,5,4,15.571428571428571
Switzerland,CHE,"Mar 19, 2020",21,2,5,9.714285714285714
Switzerland,CHE,"Mar 20, 2020",33,12,6,4.142857142857143
Switzerland,CHE,"Mar 21, 2020",43,10,7,5.142857142857143
Switzerland,CHE,"Mar 22, 2020",56,13,8,6.428571428571429
Switzerland,CHE,"Mar 23, 2020",60,4,9,6.714285714285714
Switzerland,CHE,"Mar 24, 2020",66,6,10,7.428571428571429
Switzerland,CHE,"Mar 25, 2020",86,20,11,9.571428571428571
Switzerland,CHE,"Mar 26, 2020",103,17,12,11.714285714285714
Switzerland,CHE,"Mar 27, 2020",161,58,13,18.285714285714285
Switzerland,CHE,"Mar 28, 2020",197,36,14,22.0
Switzerland,CHE,"Mar 29, 2020",235,38,15,25.571428571428573
Switzerland,CHE,"Mar 30, 2020",257,22,16,28.142857142857142
Switzerland,CHE,"Mar 31, 2020",295,38,17,32.714285714285715
Switzerland,CHE,"Apr 1, 2020",373,78,18,41.0
Switzerland,CHE,"Apr 2, 2020",378,5,19,39.285714285714285
Switzerland,CHE,"Apr 3, 2020",536,158,20,53.57142857142857
Switzerland,CHE,"Apr 4, 2020",607,71,21,58.57142857142857
Taiwan,TWN,"Mar 30, 2020",5,3,0,53.57142857142857
Taiwan,TWN,"Mar 31, 2020",5,0,1,50.42857142857143
Taiwan,TWN,"Apr 1, 2020",5,0,2,45.0
Taiwan,TWN,"Apr 2, 2020",5,0,3,33.857142857142854
Taiwan,TWN,"Apr 3, 2020",5,0,4,33.142857142857146
Taiwan,TWN,"Apr 4, 2020",5,0,5,10.571428571428571
Thailand,THA,"Mar 24, 2020",4,3,0,0.8571428571428571
Thailand,THA,"Mar 25, 2020",4,0,1,0.42857142857142855
Thailand,THA,"Mar 26, 2020",4,0,2,0.42857142857142855
Thailand,THA,"Mar 27, 2020",5,1,3,0.5714285714285714
Thailand,THA,"Mar 28, 2020",5,0,4,0.5714285714285714
Thailand,THA,"Mar 29, 2020",6,1,5,0.7142857142857143
Thailand,THA,"Mar 30, 2020",7,1,6,0.8571428571428571
Thailand,THA,"Mar 31, 2020",10,3,7,0.8571428571428571
Thailand,THA,"Apr 1, 2020",10,0,8,0.8571428571428571
Thailand,THA,"Apr 2, 2020",12,2,9,1.1428571428571428
Thailand,THA,"Apr 3, 2020",15,3,10,1.4285714285714286
Thailand,THA,"Apr 4, 2020",19,4,11,2.0
Tunisia,TUN,"Apr 3, 2020",13,3,0,2.2857142857142856
Tunisia,TUN,"Apr 4, 2020",13,0,1,2.142857142857143
Turkey,TUR,"Mar 20, 2020",4,3,0,2.142857142857143
Turkey,TUR,"Mar 21, 2020",9,5,1,2.857142857142857
Turkey,TUR,"Mar 22, 2020",21,12,2,4.285714285714286
Turkey,TUR,"Mar 23, 2020",30,9,3,5.142857142857143
Turkey,TUR,"Mar 24, 2020",37,7,4,5.571428571428571
Turkey,TUR,"Mar 25, 2020",44,7,5,6.142857142857143
Turkey,TUR,"Mar 26, 2020",59,15,6,8.285714285714286
Turkey,TUR,"Mar 27, 2020",75,16,7,10.142857142857142
Turkey,TUR,"Mar 28, 2020",92,17,8,11.857142857142858
Turkey,TUR,"Mar 29, 2020",108,16,9,12.428571428571429
Turkey,TUR,"Mar 30, 2020",131,23,10,14.428571428571429
Turkey,TUR,"Mar 31, 2020",168,37,11,18.714285714285715
Turkey,TUR,"Apr 1, 2020",214,46,12,24.285714285714285
Turkey,TUR,"Apr 2, 2020",277,63,13,31.142857142857142
Turkey,TUR,"Apr 3, 2020",356,79,14,40.142857142857146
Turkey,TUR,"Apr 4, 2020",425,69,15,47.57142857142857
Ukraine,UKR,"Mar 29, 2020",8,3,0,45.714285714285715
Ukraine,UKR,"Mar 30, 2020",9,1,1,42.57142857142857
Ukraine,UKR,"Mar 31, 2020",11,2,2,37.57142857142857
Ukraine,UKR,"Apr 1, 2020",13,2,3,31.285714285714285
Ukraine,UKR,"Apr 2, 2020",20,7,4,23.285714285714285
Ukraine,UKR,"Apr 3, 2020",20,0,5,12.0
Ukraine,UKR,"Apr 4, 2020",23,3,6,2.5714285714285716
United Arab Emirates,ARE,"Mar 31, 2020",5,3,0,2.5714285714285716
United Arab Emirates,ARE,"Apr 1, 2020",6,1,1,2.5714285714285716
United Arab Emirates,ARE,"Apr 2, 2020",6,0,2,2.2857142857142856
United Arab Emirates,ARE,"Apr 3, 2020",8,2,3,2.2857142857142856
United Arab Emirates,ARE,"Apr 4, 2020",8,0,4,1.2857142857142858
United Kingdom,GBR,"Mar 13, 2020",10,4,0,1.8571428571428572
United Kingdom,GBR,"Mar 14, 2020",10,0,1,1.4285714285714286
United Kingdom,GBR,"Mar 15, 2020",21,11,2,2.5714285714285716
United Kingdom,GBR,"Mar 16, 2020",35,14,3,4.428571428571429
United Kingdom,GBR,"Mar 17, 2020",55,20,4,7.285714285714286
United Kingdom,GBR,"Mar 18, 2020",60,5,5,7.714285714285714
United Kingdom,GBR,"Mar 19, 2020",103,43,6,13.857142857142858
United Kingdom,GBR,"Mar 20, 2020",144,41,7,19.142857142857142
United Kingdom,GBR,"Mar 21, 2020",177,33,8,23.857142857142858
United Kingdom,GBR,"Mar 22, 2020",233,56,9,30.285714285714285
United Kingdom,GBR,"Mar 23, 2020",281,48,10,35.142857142857146
United Kingdom,GBR,"Mar 24, 2020",335,54,11,40.0
United Kingdom,GBR,"Mar 25, 2020",422,87,12,51.714285714285715
United Kingdom,GBR,"Mar 26, 2020",463,41,13,51.42857142857143
United Kingdom,GBR,"Mar 27, 2020",578,115,14,62.0
United Kingdom,GBR,"Mar 28, 2020",759,181,15,83.14285714285714
United Kingdom,GBR,"Mar 29, 2020",1019,260,16,112.28571428571429
United Kingdom,GBR,"Mar 30, 2020",1228,209,17,135.28571428571428
United Kingdom,GBR,"Mar 31, 2020",1408,180,18,153.28571428571428
United Kingdom,GBR,"Apr 1, 2020",1789,381,19,195.28571428571428
United Kingdom,GBR,"Apr 2, 2020",2532,743,20,295.57142857142856
United Kingdom,GBR,"Apr 3, 2020",2921,389,21,334.7142857142857
United Kingdom,GBR,"Apr 4, 2020",3605,684,22,406.57142857142856
United States,USA,"Mar 3, 2020",6,4,0,370.0
United States,USA,"Mar 4, 2020",9,3,1,340.57142857142856
United States,USA,"Mar 5, 2020",11,2,2,315.14285714285717
United States,USA,"Mar 6, 2020",12,1,3,260.85714285714283
United States,USA,"Mar 7, 2020",14,2,4,155.0
United States,USA,"Mar 8, 2020",17,3,5,99.85714285714286
United States,USA,"Mar 9, 2020",21,4,6,2.7142857142857144
United States,USA,"Mar 10, 2020",26,5,7,2.857142857142857
United States,USA,"Mar 11, 2020",28,2,8,2.7142857142857144
United States,USA,"Mar 12, 2020",30,2,9,2.7142857142857144
United States,USA,"Mar 13, 2020",40,10,10,4.0
United States,USA,"Mar 14, 2020",47,7,11,4.714285714285714
United States,USA,"Mar 15, 2020",57,10,12,5.714285714285714
United States,USA,"Mar 16, 2020",69,12,13,6.857142857142857
United States,USA,"Mar 17, 2020",85,16,14,8.428571428571429
United States,USA,"Mar 18, 2020",108,23,15,11.428571428571429
United States,USA,"Mar 19, 2020",150,42,16,17.142857142857142
United States,USA,"Mar 20, 2020",150,0,17,15.714285714285714
United States,USA,"Mar 21, 2020",260,110,18,30.428571428571427
United States,USA,"Mar 22, 2020",340,80,19,40.42857142857143
United States,USA,"Mar 23, 2020",471,131,20,57.42857142857143
United States,USA,"Mar 24, 2020",590,119,21,72.14285714285714
United States,USA,"Mar 25, 2020",801,211,22,99.0
United States,USA,"Mar 26, 2020",1050,249,23,128.57142857142858
United States,USA,"Mar 27, 2020",1296,246,24,163.71428571428572
United States,USA,"Mar 28, 2020",1707,411,25,206.71428571428572
United States,USA,"Mar 29, 2020",2191,484,26,264.42857142857144
United States,USA,"Mar 30, 2020",2509,318,27,291.14285714285717
United States,USA,"Mar 31, 2020",3170,661,28,368.57142857142856
United States,USA,"Apr 1, 2020",4079,909,29,468.2857142857143
United States,USA,"Apr 2, 2020",5138,1059,30,584.0
United States,USA,"Apr 3, 2020",6053,915,31,679.5714285714286
United States,USA,"Apr 4, 2020",7157,1104,32,778.5714285714286
